route,score,source
0-67-63-62-74-72-61-64-66-69-68-65-49-55-54-53-56-58-60-59-57-40-44-46-45-51-50-52-47-42-41-43-48-0,157.6649778310223,seed601_lns_start19_mixed_regret_rm5_tw6_guarded
0-67-63-62-74-72-61-64-66-69-68-65-49-55-54-53-56-58-60-59-57-44-46-45-51-50-52-47-42-41-43-48-20-0,168.28911445188697,seed601_lns_start22_late_random_best_rm5_tw15
0-67-63-62-74-72-61-64-66-69-68-65-49-55-54-53-56-58-60-59-57-40-44-46-45-51-50-52-47-42-41-43-48-20-0,168.5565520064439,seed601_lns_start22_late_regret_rm8_tw15
0-67-63-62-74-72-61-64-66-69-68-65-49-55-54-53-56-58-60-59-57-40-44-45-51-50-52-47-41-46-43-48-20-0,180.0700053543105,seed601_lns_start26_late_regret_rm6_tw8
0-67-63-62-74-72-64-66-69-68-65-49-55-54-53-56-58-60-59-57-40-44-46-45-51-50-52-47-43-41-61-48-0,180.92878173356453,seed604_lns_start15_late_random_best_rm8_tw6
0-67-62-74-72-64-66-69-68-65-49-55-54-53-56-58-60-59-57-40-44-46-45-51-50-52-47-42-41-43-48-61-0,184.29093042068172,seed601_lns_start20_late_best_rm5_tw12
0-67-63-62-74-72-61-64-66-69-68-65-49-55-54-53-56-58-60-59-57-40-44-46-45-50-51-31-52-47-42-41-43-48-0,184.78622442669538,seed601_lns_start14_late_best_rm6_tw15_guarded
0-67-63-62-74-72-64-66-69-68-65-49-55-54-53-56-58-60-59-57-40-44-46-45-51-50-52-47-43-42-61-48-20-0,193.19930145172427,seed601_lns_start35_late_best_rm8_tw8
0-67-62-74-61-64-66-69-68-65-49-55-54-53-56-58-60-59-57-40-44-45-46-51-50-52-47-42-43-48-72-63-0,194.36503014797546,seed601_lns_start15_late_best_rm5_tw15
0-20-22-24-27-30-29-6-32-33-31-35-37-38-39-36-34-28-26-23-18-19-16-14-12-15-17-13-25-9-11-10-8-21-0,195.30005655916443,seed602_lns_start40_mixed_regret_rm4_tw15
0-67-63-62-74-72-61-64-66-69-68-65-49-55-54-53-56-58-60-59-57-40-44-46-45-51-50-52-47-42-41-43-48-90-0,195.8121197410114,seed607_lns_start9_late_random_best_rm8_tw8_guarded
0-93-22-24-27-30-29-6-32-33-31-35-38-39-36-34-28-26-23-18-19-16-14-12-15-17-13-9-11-10-8-21-20-0,201.12674614968964,seed608_lns_start76_random_regret_rm4_tw12
0-20-22-24-27-30-29-6-32-33-35-37-38-39-36-34-28-26-23-18-19-16-14-12-15-17-13-25-9-11-10-5-8-21-0,201.1681300604991,seed601_lns_start14_late_best_rm6_tw15_guarded
0-20-22-24-27-29-6-34-33-32-31-35-37-38-39-36-28-26-23-18-19-16-14-12-15-17-13-25-9-11-10-5-8-21-0,203.19908318583117,seed606_lns_start18_mixed_random_best_rm6_tw8
0-21-22-24-27-30-29-6-32-33-31-35-37-38-39-36-34-28-26-23-18-19-16-14-12-15-17-13-25-9-11-10-8-5-0,205.85363822240362,seed601_lns_start22_late_regret_rm8_tw15_guarded
0-93-5-21-20-24-29-6-32-33-31-35-37-38-39-36-34-28-26-23-18-19-16-14-12-15-17-13-25-9-11-10-8-0,207.38436734883174,seed603_lns_start87_mixed_regret_rm8_tw8
0-48-67-62-74-64-66-69-68-65-49-55-54-53-56-58-60-59-57-40-44-46-45-51-50-52-47-43-42-41-61-72-96-87-63-0,210.96590521786158,seed601_lns_start73_mixed_best_rm5_tw8
0-93-20-24-27-29-6-32-33-31-35-37-38-39-36-34-28-26-23-18-19-16-14-12-15-17-13-25-9-11-10-5-8-21-0,211.3196915140141,seed607_lns_start86_mixed_best_rm8_tw12
0-20-22-24-27-30-29-6-32-33-31-35-37-38-39-36-34-28-26-23-18-19-16-14-12-15-17-13-25-9-11-10-8-21-48-0,211.4964898743779,seed601_lns_start36_late_random_best_rm8_tw15
0-48-67-62-74-72-61-64-66-69-68-65-49-55-54-53-56-58-60-59-57-40-44-45-51-50-47-43-42-46-41-63-96-87-0,213.65544364041574,seed608_lns_start73_random_best_rm8_tw6
0-67-62-74-72-61-64-66-69-68-65-49-55-59-54-53-56-58-60-57-40-44-46-45-51-50-52-47-43-42-41-77-87-0,213.66958607741464,seed604_lns_start10_random_regret_rm6_tw6
0-20-22-24-27-30-29-6-32-33-31-35-37-38-39-36-34-28-26-23-18-19-16-14-12-15-17-13-25-9-11-10-8-21-5-0,213.7708987198954,seed601_lns_start19_mixed_regret_rm5_tw6
0-93-5-20-24-30-29-6-32-33-31-35-37-38-39-36-34-28-26-23-18-19-16-14-12-15-17-13-25-9-11-10-8-21-0,218.32166212248814,seed606_lns_start87_mixed_regret_rm6_tw6
0-90-67-62-74-72-64-66-69-68-65-49-55-54-53-56-58-60-59-57-40-44-46-51-45-50-52-47-43-41-48-61-63-0,219.44803107043649,seed602_lns_start9_late_random_best_rm5_tw12
0-67-63-62-74-72-64-66-69-68-65-49-55-54-53-56-58-60-59-57-40-44-46-61-51-50-52-42-41-43-20-47-48-0,219.60262758786757,seed604_lns_start28_late_regret_rm6_tw8
0-67-62-74-72-61-64-66-69-68-65-49-55-54-53-56-58-60-59-57-40-44-46-45-51-50-52-47-11-42-43-48-0,220.06743294546126,seed603_lns_start20_late_best_rm8_tw15
0-22-67-62-74-72-64-66-69-68-65-49-55-54-53-56-58-60-59-57-40-44-46-45-51-50-52-47-43-42-41-61-63-48-20-0,220.27228049338913,seed603_lns_start26_mixed_random_best_rm6_tw10
0-5-75-2-1-99-100-97-92-94-95-98-7-3-4-89-91-88-84-83-82-85-76-71-70-73-80-79-81-78-77-86-90-0,221.00864514515376,seed603_lns_start80_late_random_best_rm8_tw15
0-90-67-62-74-61-64-66-69-68-65-49-55-54-53-56-58-60-59-57-40-44-45-46-51-50-52-47-42-43-48-72-63-0,222.62343590160924,seed603_lns_start13_late_regret_rm8_tw15
0-20-22-24-27-30-29-6-32-33-31-35-37-38-39-36-34-28-26-23-18-19-16-14-12-15-17-13-25-9-11-10-8-21-47-0,222.66590914679378,seed601_lns_start37_late_best_rm6_tw15
0-67-63-62-74-72-61-64-66-69-68-65-49-55-54-53-56-58-60-59-57-40-44-46-45-51-50-47-43-42-41-96-77-87-48-0,222.86205175643298,seed604_lns_start81_late_regret_rm6_tw12
0-93-75-2-1-99-100-97-92-94-95-98-7-3-4-89-91-88-86-84-83-82-85-76-71-70-73-80-79-81-78-77-87-96-0,223.72721135633532,seed604_lns_start13_late_best_rm8_tw6
0-48-67-62-74-64-66-69-68-65-49-55-57-54-53-56-58-60-59-46-40-44-45-51-50-52-47-43-42-41-61-72-96-87-0,223.9348810337233,seed605_lns_start73_random_random_best_rm8_tw12
0-48-67-62-74-61-64-66-69-68-65-49-55-54-53-56-58-60-59-57-40-44-50-52-45-46-47-43-42-41-72-96-87-63-0,225.34038613319362,seed607_lns_start73_mixed_random_best_rm8_tw8
0-22-24-27-30-29-34-33-32-31-35-38-39-36-28-26-23-18-19-16-14-12-15-17-13-25-9-11-10-8-20-52-47-48-0,225.3463635475199,seed601_lns_start79_late_best_rm8_tw12
0-90-67-62-74-63-64-66-69-68-65-49-55-54-53-56-58-60-59-57-40-44-46-72-61-51-50-52-47-42-41-43-48-0,226.0270848684879,seed605_lns_start9_late_random_best_rm8_tw6
0-93-5-75-2-1-99-100-92-94-95-98-7-3-4-89-91-88-86-84-83-82-85-76-71-70-73-80-79-81-78-77-87-96-0,226.1114382504714,seed601_lns_start40_late_random_best_rm5_tw10
0-20-22-24-27-30-29-6-32-33-31-35-37-38-39-36-34-28-26-23-18-19-16-14-12-15-17-13-25-9-11-10-8-21-52-0,226.43838934999317,seed601_lns_start37_late_best_rm5_tw15
0-67-63-62-74-72-64-66-69-43-68-65-49-55-54-53-56-58-59-57-40-60-46-45-51-50-52-47-42-41-61-48-20-0,227.29726011470981,seed601_lns_start32_late_regret_rm6_tw15
0-67-62-74-72-61-64-66-69-68-65-49-46-55-54-53-56-58-60-59-57-40-44-45-51-50-52-47-42-41-96-63-43-48-0,228.04249680662613,seed607_lns_start73_random_random_best_rm8_tw12
0-93-5-75-2-1-99-100-97-92-94-95-98-7-3-4-89-91-88-84-86-83-82-85-76-71-70-73-80-79-81-78-77-87-96-0,228.79203226854912,seed607_lns_start9_late_random_best_rm8_tw8_guarded
0-48-67-62-74-64-66-69-68-65-49-55-54-53-56-58-60-59-57-40-44-45-43-51-50-52-47-46-41-61-72-96-87-63-0,229.4819856535162,seed605_lns_start73_mixed_random_best_rm8_tw6
0-67-63-62-74-72-61-64-66-69-68-65-49-55-54-53-56-58-60-59-57-40-44-46-45-51-50-52-47-42-41-43-8-87-96-0,229.6802263103212,seed601_lns_start80_late_regret_rm5_tw8
0-93-75-2-1-99-100-97-92-94-95-98-7-3-4-89-91-88-86-84-83-82-85-76-71-70-73-80-79-81-78-96-87-90-0,230.15299791482536,seed603_lns_start21_mixed_best_rm8_tw6
0-67-62-74-72-61-64-66-69-68-65-49-55-54-53-56-58-60-59-57-40-44-45-46-51-50-52-47-11-41-43-48-0,230.72747395466553,seed607_lns_start20_late_best_rm8_tw10
0-20-22-24-27-30-29-6-32-33-31-35-37-38-39-36-34-28-26-23-18-19-16-14-12-15-17-13-25-9-11-10-8-21-50-0,230.77271139264946,seed601_lns_start39_late_random_best_rm6_tw8
0-93-75-2-1-99-100-97-92-94-95-98-7-3-4-89-91-88-86-84-83-82-85-76-71-70-73-80-79-81-78-77-96-90-0,232.10292030651965,seed601_lns_start22_late_regret_rm8_tw15
0-21-5-75-2-1-99-100-97-92-94-95-98-7-3-4-89-91-88-84-83-82-85-76-71-70-73-80-79-81-78-86-90-0,232.27502223112413,seed607_lns_start81_mixed_best_rm5_tw15
0-93-22-27-30-29-6-31-32-33-35-37-38-39-36-34-24-28-26-23-18-19-16-14-12-15-17-13-9-11-10-8-21-20-0,232.33017673444945,seed604_lns_start77_random_random_best_rm5_tw15
0-21-5-75-2-1-99-100-97-92-94-95-98-7-3-4-89-91-88-84-83-82-85-76-71-70-73-80-79-81-78-77-86-90-0,232.53780298442283,seed601_lns_start73_mixed_best_rm5_tw8
0-93-75-2-1-99-100-97-92-94-95-98-7-3-4-89-91-88-86-84-83-82-85-76-71-70-73-80-79-81-78-77-96-87-90-0,233.14358747823096,seed601_lns_start15_late_random_best_rm8_tw8
0-93-5-75-2-1-99-100-97-94-95-98-7-3-4-89-91-88-86-84-83-82-85-81-76-71-70-73-80-79-78-77-96-87-90-0,234.56001007111252,seed602_lns_start9_late_regret_rm3_tw10
0-93-22-27-30-29-6-28-32-33-31-35-38-39-36-34-26-23-18-19-16-14-12-15-17-13-9-11-10-21-20-24-0,234.82364860864112,seed603_lns_start75_late_best_rm8_tw8
0-5-75-2-1-99-100-97-92-94-95-98-7-3-4-89-91-88-86-84-83-82-85-76-71-70-73-80-79-81-78-77-96-87-90-0,235.41434907155326,seed601_lns_start76_late_random_best_rm5_tw10
0-93-5-20-24-29-50-6-32-33-31-35-37-38-39-36-34-28-26-23-18-19-16-14-12-15-17-13-25-9-11-10-8-21-0,235.42212398536472,seed607_lns_start89_mixed_regret_rm8_tw10
0-93-5-75-2-1-99-100-92-94-95-98-7-3-4-89-91-88-86-84-83-82-85-76-71-70-73-80-79-81-78-77-96-87-90-0,235.52781437236703,seed601_lns_start40_late_best_rm4_tw10
0-93-5-75-2-1-99-100-97-92-94-95-98-7-3-4-89-91-88-84-83-82-85-76-71-70-80-79-81-78-77-96-86-90-0,235.74273586049222,seed601_lns_start11_mixed_best_rm5_tw10
0-22-75-2-1-99-100-97-92-94-95-98-7-3-4-89-91-88-84-83-82-85-76-71-70-73-80-79-81-78-77-86-90-0,236.44235881436137,seed603_lns_start86_late_best_rm6_tw12
0-93-5-75-2-1-99-100-97-92-94-95-98-7-3-4-89-91-88-84-86-83-82-85-76-71-70-73-80-79-81-78-77-96-90-0,237.16774121873345,seed604_lns_start11_mixed_regret_rm6_tw12
0-20-22-24-27-29-6-32-33-31-35-37-38-39-36-34-28-26-23-18-19-16-14-12-15-17-13-25-9-11-10-8-21-87-0,237.7722037723501,seed601_lns_start11_mixed_best_rm5_tw10
0-67-62-74-72-61-64-66-69-68-65-49-55-54-53-56-58-60-59-57-40-44-46-45-50-52-47-43-48-11-42-41-51-0,238.3827660380923,seed601_lns_start20_mixed_random_best_rm8_tw6
0-21-22-24-27-29-6-32-33-31-35-37-38-39-36-34-28-26-23-18-19-16-14-12-15-17-13-25-9-11-10-8-5-87-0,238.4837366890169,seed601_lns_start34_mixed_random_best_rm6_tw12
0-93-5-75-2-1-99-100-97-94-95-98-7-3-4-89-91-88-86-84-83-82-85-76-71-70-73-80-79-81-78-77-90-96-63-0,239.67931477999406,seed607_lns_start20_late_regret_rm4_tw8
0-52-67-62-74-61-64-66-69-68-65-49-55-54-53-56-58-60-59-57-40-44-51-50-45-47-42-46-41-43-72-63-20-0,240.58005117854347,seed604_lns_start35_mixed_regret_rm8_tw8
0-21-22-24-27-30-29-6-32-33-35-37-38-39-36-34-28-26-23-18-19-16-14-12-15-17-13-25-9-11-10-8-5-90-87-0,240.93784756465584,seed604_lns_start31_mixed_best_rm6_tw15
0-20-22-24-27-30-29-6-32-33-31-35-37-38-39-36-34-28-26-23-18-19-16-14-12-15-17-13-25-9-10-8-21-87-0,241.40048312043848,seed601_lns_start20_mixed_random_best_rm8_tw10
0-22-75-2-1-99-100-97-92-94-95-98-7-3-4-89-91-88-86-84-83-82-85-76-71-70-73-80-79-81-78-77-87-90-0,241.4054252812237,seed602_lns_start88_late_random_best_rm8_tw8
0-20-22-24-27-30-29-6-32-33-31-35-37-38-39-36-34-28-26-23-18-19-16-14-12-15-17-13-25-9-11-10-8-21-87-0,243.4092931840054,seed601_lns_start11_late_best_rm8_tw6
0-21-24-27-30-29-6-32-33-31-35-37-38-39-36-34-28-26-23-18-19-16-14-12-15-17-13-25-9-11-10-8-5-87-0,243.8533885461153,seed603_lns_start26_mixed_random_best_rm6_tw10
0-21-22-24-27-30-29-6-32-33-31-35-37-38-39-36-34-28-26-23-18-19-16-14-12-15-17-13-25-9-11-10-8-5-87-0,244.1208261006722,seed601_lns_start22_late_regret_rm8_tw15
0-21-22-24-27-30-29-6-32-33-35-37-38-39-36-34-28-26-23-18-19-16-14-12-15-17-13-25-9-11-10-8-5-87-63-0,244.6092449026489,seed608_lns_start35_mixed_regret_rm8_tw15
0-21-22-24-27-30-29-6-32-33-35-37-38-39-36-34-28-26-23-18-19-16-14-12-15-17-13-25-9-11-10-8-5-87-96-0,245.72621033471603,seed601_lns_start34_mixed_best_rm8_tw8
0-48-67-62-74-86-72-64-66-69-68-65-49-55-54-53-56-58-60-59-57-40-44-46-45-51-50-52-47-43-42-41-61-20-0,247.05897394155264,seed608_lns_start35_mixed_regret_rm8_tw15
0-67-63-62-74-72-61-64-66-69-68-65-49-55-54-53-56-58-60-59-57-40-44-51-50-52-47-42-41-46-43-48-97-0,247.13959568693474,seed606_lns_start40_late_random_best_rm6_tw15
0-67-62-74-63-30-48-64-66-69-68-65-49-55-54-53-56-58-60-59-57-40-44-46-45-51-50-52-47-43-42-41-72-61-0,247.44208941405947,seed604_lns_start11_mixed_regret_rm6_tw12
0-21-22-24-27-29-6-34-33-32-31-35-37-38-39-36-28-26-23-18-19-16-14-12-15-17-13-25-9-11-10-8-5-87-96-0,247.7571634600481,seed602_lns_start21_mixed_random_best_rm8_tw10
0-93-20-24-27-30-29-6-34-33-32-35-31-38-39-36-28-26-23-18-19-16-14-12-15-17-13-25-9-11-10-8-52-47-48-0,247.90126170342836,seed608_lns_start79_mixed_random_best_rm8_tw12
0-93-22-24-27-30-29-6-32-33-31-35-37-38-39-36-34-28-26-23-20-18-12-16-15-19-17-13-25-9-11-10-8-0,248.4651110696584,seed604_lns_start73_mixed_random_best_rm8_tw8
0-67-62-74-72-61-64-66-69-68-65-49-55-59-54-53-56-58-60-57-40-44-46-45-51-50-52-47-43-42-41-10-63-96-87-0,248.73120258680498,seed603_lns_start80_late_best_rm4_tw8
0-93-75-2-1-99-100-97-92-94-95-98-7-3-4-89-91-88-86-84-83-82-85-76-71-70-73-80-79-78-77-81-96-0,248.7449563193329,seed604_lns_start31_mixed_best_rm6_tw15
0-20-22-24-27-30-29-6-32-33-35-37-38-39-36-34-28-26-23-18-19-16-14-12-15-17-13-25-21-47-42-41-50-31-0,248.93088213518212,seed602_lns_start84_late_regret_rm4_tw8
0-93-75-2-1-99-100-97-92-94-95-98-7-3-4-89-91-88-86-84-83-82-85-76-71-70-73-80-79-81-78-77-96-90-48-0,250.55966518887016,seed604_lns_start35_mixed_regret_rm8_tw8
0-93-22-20-27-30-24-6-32-33-31-35-37-38-39-36-34-28-26-23-18-19-16-14-12-15-17-13-25-11-10-8-29-52-0,250.76231392453002,seed604_lns_start81_random_random_best_rm3_tw12
0-22-27-30-2-99-100-97-92-94-95-98-7-3-4-89-91-88-84-86-83-82-85-76-71-70-73-80-79-81-78-77-90-0,253.5007271651762,seed608_lns_start89_late_regret_rm8_tw15
0-22-67-62-74-48-64-66-69-68-65-49-55-54-53-56-58-60-59-57-40-44-46-51-45-52-47-43-42-41-61-72-96-87-63-0,255.66801048280186,seed607_lns_start89_mixed_regret_rm8_tw10
0-20-22-24-27-30-29-6-32-33-31-35-38-39-37-36-34-28-26-23-18-19-16-14-12-15-17-13-25-9-10-8-21-86-87-0,256.6500561141309,seed603_lns_start20_mixed_random_best_rm6_tw15
0-21-22-24-27-29-6-34-33-32-31-35-37-38-39-36-28-26-23-18-19-16-14-12-15-17-13-25-9-11-10-8-5-1-87-0,258.0555278828992,seed603_lns_start25_mixed_random_best_rm5_tw8
0-67-62-74-27-30-48-64-66-69-68-65-49-55-54-53-56-58-60-59-57-40-44-46-45-51-50-52-47-43-61-72-96-63-0,258.6389926091713,seed603_lns_start86_late_random_best_rm8_tw10
0-93-5-20-24-29-6-32-33-31-35-37-38-39-36-34-28-26-23-18-19-16-14-12-15-17-13-25-9-11-10-8-21-87-0,259.35983093546366,seed607_lns_start89_late_random_best_rm6_tw8
0-67-62-74-63-30-48-64-66-69-68-65-49-55-54-53-56-58-60-59-57-40-44-46-45-50-52-47-43-42-41-61-72-20-0,259.8189545989644,seed605_lns_start23_mixed_random_best_rm8_tw10
0-21-93-5-75-2-1-100-97-92-94-95-98-7-3-4-89-91-88-84-86-83-82-85-76-71-70-73-80-79-78-81-77-87-90-0,260.61577217491384,seed607_lns_start73_random_random_best_rm8_tw12
0-20-22-24-27-29-50-6-32-33-31-35-37-38-39-36-34-28-26-23-18-19-16-14-12-15-17-13-25-9-11-10-8-21-87-0,261.9437334470922,seed607_lns_start11_mixed_best_rm6_tw15
0-22-67-62-74-63-64-66-69-68-65-49-46-55-54-53-56-58-59-57-40-44-48-43-45-51-50-52-47-42-41-61-72-96-87-0,262.29204625237867,seed605_lns_start86_mixed_random_best_rm6_tw8
0-22-67-62-74-72-61-64-66-69-68-65-49-55-54-53-56-58-60-59-57-40-44-45-43-51-50-52-47-46-41-48-96-63-87-0,263.6185652701508,seed602_lns_start89_late_regret_rm6_tw8
0-93-5-75-2-1-99-100-97-94-95-98-7-3-4-89-91-88-86-84-83-82-85-76-71-70-80-79-81-78-73-77-96-90-0,263.68496329867196,seed606_lns_start9_mixed_regret_rm8_tw6
0-21-5-75-2-1-99-100-97-92-94-95-98-3-4-89-91-88-84-83-82-85-76-71-70-80-79-81-78-73-77-86-90-0,264.5982153883681,seed603_lns_start73_random_random_best_rm8_tw10
0-21-22-24-27-29-51-6-32-33-31-35-37-38-39-36-34-28-26-23-18-19-16-14-12-15-17-13-25-9-11-10-8-5-87-0,265.1549929071061,seed605_lns_start23_mixed_random_best_rm8_tw10
0-48-67-62-74-72-64-66-69-68-65-49-55-47-46-53-56-58-60-54-57-40-44-45-52-50-51-43-42-41-61-96-87-63-0,265.22066140841974,seed606_lns_start73_random_random_best_rm6_tw15
0-93-5-21-20-24-29-6-32-33-31-35-37-38-39-36-34-28-26-23-18-19-16-14-12-15-17-13-25-9-11-10-8-2-87-0,265.53003815768045,seed604_lns_start86_late_random_best_rm8_tw15
0-21-5-75-2-1-99-100-97-92-94-95-98-7-3-4-89-91-88-84-86-83-82-85-76-71-70-73-80-79-78-81-77-90-63-0,266.10464017493337,seed605_lns_start73_random_random_best_rm8_tw12
0-67-63-62-74-73-61-64-66-69-68-65-49-55-54-53-56-58-60-59-57-40-44-46-45-51-50-52-47-42-41-72-43-48-0,266.1049314625964,seed606_lns_start11_late_regret_rm8_tw12
0-67-62-74-72-61-64-66-69-68-65-49-55-54-53-56-58-60-59-57-40-44-46-45-50-52-47-43-48-63-96-78-77-71-87-0,267.2284167383806,seed605_lns_start85_random_random_best_rm8_tw15
0-67-62-74-27-30-48-64-66-69-68-65-49-55-54-53-56-58-60-59-57-40-44-46-45-51-50-52-47-43-61-72-96-87-63-0,268.1950941412358,seed603_lns_start88_late_best_rm6_tw15
0-67-63-62-74-30-52-64-66-69-68-65-49-55-54-53-56-58-60-59-57-40-44-46-45-51-50-47-43-42-41-61-72-48-20-0,268.31125484570197,seed605_lns_start28_mixed_random_best_rm5_tw10
0-21-22-24-27-30-29-6-32-33-35-37-38-39-36-34-28-26-23-18-19-16-14-12-15-17-13-25-9-11-10-8-77-87-5-0,269.8499820654846,seed603_lns_start33_mixed_regret_rm6_tw6
0-67-62-74-27-30-64-61-66-69-68-65-49-55-54-53-56-58-60-59-57-40-44-46-45-51-50-52-47-42-43-48-72-96-63-0,270.43199255600734,seed602_lns_start88_late_random_best_rm8_tw8
0-21-22-24-27-29-6-34-33-32-31-35-37-38-39-36-28-26-23-18-19-16-14-12-15-17-13-25-9-11-10-8-77-87-5-0,271.88093519081673,seed603_lns_start34_mixed_random_best_rm8_tw6
0-67-63-62-74-61-64-66-69-68-65-49-55-54-53-56-58-60-59-57-46-51-52-45-43-48-72-80-79-81-78-85-77-87-96-0,272.6536468477566,seed602_lns_start84_late_regret_rm4_tw8
0-93-5-75-2-1-99-100-97-92-95-98-7-3-4-89-91-88-86-84-94-83-82-85-76-71-70-73-80-79-81-78-77-96-63-0,273.54337543757555,seed601_lns_start20_mixed_random_best_rm8_tw10
0-67-63-62-74-72-61-64-66-69-68-65-49-55-54-53-56-58-60-59-57-40-44-46-45-43-48-25-47-42-41-51-50-52-37-0,273.69432517160783,seed601_lns_start76_late_random_best_rm5_tw10
0-75-22-27-2-1-99-100-97-92-94-95-98-7-3-4-89-91-88-84-86-83-82-85-76-71-70-73-80-79-81-78-77-90-0,273.8666071483693,seed603_lns_start88_mixed_random_best_rm5_tw8
0-48-67-62-74-63-61-64-66-69-68-65-49-55-54-53-56-58-60-59-57-44-45-51-50-52-47-43-42-41-46-72-73-0,274.01499820060235,seed608_lns_start11_late_random_best_rm8_tw6
0-67-62-74-85-72-61-64-66-69-68-65-49-55-54-53-56-58-60-59-57-40-44-46-51-50-52-47-63-42-41-48-43-20-0,274.9923486014273,seed601_lns_start29_random_regret_rm8_tw10
0-48-67-62-74-63-64-66-69-68-65-49-55-54-53-56-58-60-59-57-40-44-45-51-50-52-47-43-46-41-61-72-73-0,276.0162136494988,seed601_lns_start11_late_best_rm8_tw6
0-67-62-74-30-64-61-66-69-68-65-49-55-54-53-56-58-60-59-57-40-44-46-45-51-50-52-47-42-43-41-48-72-96-63-0,276.1318924618214,seed607_lns_start86_late_random_best_rm8_tw8
0-67-63-62-74-61-64-66-69-68-65-49-55-54-53-56-58-60-59-57-40-44-46-45-51-50-52-47-72-43-41-48-97-0,276.17828673939323,seed605_lns_start40_late_best_rm8_tw8
0-67-63-62-74-72-61-64-66-69-68-65-49-55-59-53-56-58-60-54-57-40-44-46-45-51-50-52-47-11-42-41-43-96-87-0,276.3269409134548,seed605_lns_start80_late_random_best_rm5_tw12
0-67-63-62-74-72-61-64-66-69-68-65-49-55-54-53-56-58-60-59-57-40-44-46-45-47-50-52-25-43-42-41-37-48-0,276.74421110038514,seed605_lns_start77_mixed_best_rm5_tw15
0-93-5-75-2-1-99-100-97-92-94-95-98-7-3-4-89-91-88-84-86-83-71-73-76-85-82-81-79-78-77-96-87-90-0,277.1285148815328,seed601_lns_start37_late_best_rm6_tw15
0-20-22-24-27-30-29-6-32-33-31-35-38-39-37-36-34-28-26-23-18-19-16-14-12-15-17-13-25-9-10-8-77-87-21-0,277.44636933837336,seed602_lns_start20_mixed_random_best_rm8_tw6
0-5-75-2-1-99-100-97-92-94-95-98-7-3-4-89-91-88-86-84-83-82-85-81-76-71-70-73-80-79-78-77-8-90-0,279.19719216266407,seed602_lns_start82_late_regret_rm6_tw15
0-67-62-74-30-48-64-61-66-69-68-65-49-55-54-53-56-58-60-59-57-40-44-45-50-52-47-43-51-42-46-72-96-63-0,280.5578834803151,seed605_lns_start86_late_random_best_rm6_tw6
0-50-67-62-74-72-61-64-66-69-68-65-49-55-54-53-56-58-60-59-57-40-44-46-45-51-47-48-43-63-42-96-77-0,282.5897045962227,seed602_lns_start81_mixed_random_best_rm8_tw10
0-93-5-75-2-1-99-100-97-92-94-95-98-7-3-4-89-91-88-84-86-83-82-85-76-71-70-80-79-81-78-77-90-96-51-0,283.8979229688894,seed601_lns_start11_mixed_best_rm8_tw10
0-5-75-2-16-1-99-100-97-94-95-98-7-3-4-89-91-88-86-84-83-82-85-76-71-70-73-80-79-81-78-77-96-87-90-0,284.7182931265989,seed603_lns_start75_mixed_random_best_rm5_tw12
0-20-22-24-27-30-29-6-32-33-35-37-38-39-36-34-28-26-23-18-19-16-14-12-15-17-13-25-9-11-10-41-31-21-5-0,285.65642565184396,seed604_lns_start15_mixed_best_rm8_tw12
0-75-2-27-30-1-99-100-97-92-94-95-98-7-3-4-89-91-88-84-86-83-82-85-76-71-70-73-80-79-81-78-77-90-0,285.8419125376397,seed602_lns_start87_late_regret_rm6_tw6
0-67-63-62-74-30-51-64-66-69-68-65-49-55-54-53-56-58-60-59-57-40-44-46-50-52-47-48-43-42-41-61-72-96-87-0,286.172295298017,seed603_lns_start86_late_random_best_rm5_tw12
0-93-5-75-2-1-99-100-97-92-94-95-98-7-3-4-89-91-88-84-86-83-71-73-76-85-82-80-79-81-78-77-96-87-90-0,286.9244777353221,seed601_lns_start36_late_random_best_rm8_tw15
0-5-75-2-1-99-100-97-92-94-95-98-7-3-4-89-91-88-86-84-82-85-81-76-71-70-73-80-79-78-77-8-21-90-0,287.6197044813976,seed608_lns_start73_random_random_best_rm4_tw10
0-48-67-62-74-72-64-66-69-43-68-65-49-55-54-53-56-58-60-59-57-40-44-45-51-50-52-47-46-42-61-73-63-0,287.75950058980015,seed607_lns_start11_late_best_rm8_tw8
0-93-22-27-30-26-6-32-33-31-35-38-39-36-34-28-18-29-23-19-12-14-16-15-17-13-25-9-11-10-21-24-20-0,287.9870818697524,seed608_lns_start75_late_best_rm8_tw12
0-75-67-62-74-47-52-64-66-69-68-65-49-55-54-53-56-58-60-59-57-40-44-46-45-51-50-48-43-42-63-61-72-96-87-0,288.64081236532866,seed605_lns_start73_mixed_regret_rm8_tw10
0-93-5-75-2-1-99-100-97-92-94-95-98-7-3-4-89-91-88-84-83-82-85-81-76-71-70-80-79-96-86-78-77-90-48-0,289.1280079874187,seed601_lns_start11_mixed_random_best_rm8_tw6
0-67-63-62-74-30-52-64-66-69-68-65-49-55-54-53-56-58-60-59-57-40-44-46-45-51-50-47-48-43-42-61-72-96-87-0,290.26953852840325,seed603_lns_start88_mixed_random_best_rm5_tw8
0-22-75-2-1-99-100-97-92-94-95-98-7-3-4-89-91-88-86-84-83-82-85-76-71-70-80-79-81-78-73-77-90-48-0,291.54396944392784,seed608_lns_start87_mixed_regret_rm6_tw15
0-90-67-62-74-61-64-66-69-68-65-49-55-54-53-56-58-60-59-57-40-44-45-50-52-47-43-48-11-42-41-51-46-72-0,291.67810739831816,seed603_lns_start20_mixed_best_rm8_tw8
0-75-1-2-30-99-100-97-92-94-95-98-7-3-4-89-91-88-84-83-82-85-76-71-70-73-80-79-81-78-77-86-90-0,292.2292770259022,seed605_lns_start88_late_regret_rm6_tw10
0-75-22-27-2-1-99-100-97-92-94-95-98-7-3-4-89-91-88-84-86-83-82-85-76-71-70-73-80-79-78-81-77-87-90-0,292.81665237754,seed605_lns_start86_late_random_best_rm6_tw6
0-48-67-62-74-61-64-66-69-68-65-49-55-54-53-56-58-60-59-57-40-44-51-52-45-43-46-72-63-96-78-81-77-85-87-0,292.87045132489,seed606_lns_start84_late_best_rm8_tw10
0-22-67-62-74-48-43-64-66-69-68-65-49-55-54-53-56-58-60-59-57-40-44-72-61-51-50-52-47-42-41-46-63-96-87-0,293.2121598902679,seed602_lns_start87_late_regret_rm6_tw6
0-93-75-2-30-99-100-97-92-94-95-98-7-3-4-89-91-88-86-84-83-82-85-81-76-71-70-73-80-79-78-77-96-90-0,293.6428240334356,seed603_lns_start25_mixed_random_best_rm5_tw8
0-75-22-27-30-99-100-97-92-94-95-98-7-3-4-89-91-88-86-84-83-82-85-76-71-70-73-80-79-78-81-77-87-90-0,294.5317074128029,seed605_lns_start89_late_regret_rm8_tw10
0-67-63-62-74-61-64-66-69-68-65-49-55-54-53-56-58-60-59-57-40-44-51-45-46-72-70-52-50-42-41-43-47-48-0,294.64313659338865,seed601_lns_start37_late_best_rm3_tw15
0-93-22-20-27-30-6-34-32-33-31-35-37-38-39-36-28-24-29-23-26-18-19-15-17-13-25-9-11-10-8-16-14-12-0,294.7585935884512,seed602_lns_start73_random_random_best_rm6_tw10
0-93-5-75-2-1-99-100-97-92-94-95-98-7-3-4-89-91-88-84-83-82-96-85-76-71-70-80-79-81-78-73-77-90-63-0,294.98288195112104,seed603_lns_start20_mixed_random_best_rm6_tw15
0-67-62-74-37-47-64-66-69-68-65-49-55-54-53-56-58-60-59-57-40-44-51-45-50-52-46-42-43-41-48-61-72-63-0,295.04936325246564,seed608_lns_start75_late_best_rm8_tw12
0-46-22-2-1-99-100-97-92-94-95-98-7-3-4-89-91-88-86-84-83-82-85-81-76-71-70-73-80-79-78-77-90-75-0,295.7061515352744,seed603_lns_start87_mixed_regret_rm8_tw8
0-93-5-20-24-29-6-32-33-31-35-37-38-39-36-34-28-26-23-18-19-16-14-12-15-17-13-25-9-11-10-8-21-60-0,296.110128112895,seed605_lns_start86_mixed_random_best_rm6_tw8
0-20-22-24-27-30-29-6-32-33-35-37-38-39-36-34-28-26-23-18-19-16-14-12-15-17-13-25-9-11-10-41-8-21-31-0,297.5600484416271,seed601_lns_start40_late_random_best_rm5_tw10
0-93-5-75-2-1-99-100-97-92-94-95-98-7-3-4-89-91-88-84-86-83-82-85-76-71-70-80-79-81-78-77-90-96-59-0,299.0391013890145,seed607_lns_start11_mixed_random_best_rm6_tw15
0-93-5-75-2-99-100-97-92-94-95-98-7-3-4-89-91-88-86-84-83-82-96-85-76-71-70-80-79-81-78-73-77-90-63-0,299.4055951194223,seed603_lns_start20_random_random_best_rm8_tw15
0-22-24-27-30-29-6-34-32-33-35-37-38-39-31-36-28-26-23-18-19-16-14-12-15-17-13-25-9-11-10-8-77-5-21-0,300.5416312697011,seed603_lns_start21_mixed_best_rm8_tw6
0-31-22-2-1-99-100-97-92-94-95-98-7-3-4-89-91-88-86-84-83-82-85-81-76-71-70-73-80-79-78-77-90-75-0,300.6374543678076,seed601_lns_start89_mixed_random_best_rm6_tw8
0-93-75-2-1-99-100-97-92-94-95-98-7-3-4-89-91-88-84-86-83-82-76-71-70-73-90-5-9-11-10-8-87-0,300.80828143569283,seed608_lns_start84_late_regret_rm6_tw12
0-67-62-74-97-64-66-69-68-65-49-55-59-60-53-56-58-54-57-40-44-46-51-45-50-52-47-42-41-43-48-61-72-63-0,302.24696859015097,seed607_lns_start40_late_random_best_rm8_tw12
0-31-93-2-1-99-100-97-92-94-95-98-7-3-4-89-91-88-86-84-83-82-85-81-76-71-70-73-80-79-78-77-90-75-0,302.8972186225769,seed601_lns_start34_mixed_best_rm8_tw8
0-20-22-24-27-30-29-6-32-33-31-35-37-38-39-36-34-28-26-23-18-19-16-14-12-15-17-13-25-21-42-41-77-47-50-0,303.8043052407349,seed608_lns_start84_late_regret_rm6_tw12
0-67-62-74-72-61-64-66-69-68-65-49-55-59-54-53-56-58-60-57-40-44-46-45-51-50-52-63-9-42-41-47-43-87-96-0,304.2990865117504,seed603_lns_start80_late_random_best_rm8_tw15
0-20-67-62-74-61-64-66-69-68-65-49-55-54-53-56-58-60-59-57-40-44-46-48-45-43-63-72-80-51-50-52-47-0,304.4007632623868,seed604_lns_start35_late_random_best_rm8_tw12
0-67-62-74-63-30-64-66-69-68-65-49-55-54-53-56-58-60-59-57-40-44-51-45-46-50-52-47-48-41-61-72-96-43-0,304.61024593166474,seed602_lns_start87_late_random_best_rm6_tw15
0-67-63-62-74-61-64-66-69-68-46-65-49-55-54-53-56-58-60-59-40-44-51-52-45-57-70-72-42-41-43-47-48-0,305.0534512212741,seed607_lns_start39_late_random_best_rm8_tw15
0-20-22-24-27-30-29-6-32-33-31-35-37-38-39-36-34-28-26-23-18-19-16-14-12-15-17-13-25-9-42-10-8-21-87-0,305.72453389746636,seed601_lns_start20_late_best_rm6_tw6
0-20-22-24-27-30-29-6-32-33-31-35-37-38-39-36-34-28-26-23-18-19-16-14-12-15-17-13-25-9-41-10-8-21-87-0,305.97758354486325,seed601_lns_start20_late_best_rm4_tw6
0-93-75-2-30-1-99-100-97-92-94-95-98-7-3-4-89-91-88-84-86-83-82-81-76-71-70-73-80-79-85-78-77-96-90-0,306.55891198843835,seed601_lns_start34_mixed_random_best_rm6_tw12
0-67-62-74-27-30-64-66-69-68-65-49-55-54-53-56-58-60-59-57-40-44-46-45-61-72-51-50-52-47-41-43-48-63-96-0,306.7411720110133,seed604_lns_start86_late_best_rm8_tw12
0-67-63-62-74-61-64-66-69-48-68-65-49-55-54-53-56-58-60-59-57-40-46-43-45-51-52-72-80-79-78-77-85-81-96-0,306.9397647800621,seed602_lns_start84_late_best_rm8_tw12
0-5-75-2-1-99-100-97-92-94-95-98-7-3-4-89-91-90-88-84-86-83-82-76-71-70-73-80-79-42-41-37-21-0,308.3854325194303,seed608_lns_start79_mixed_random_best_rm8_tw12
0-93-21-20-24-29-6-32-33-35-37-38-39-36-34-28-26-23-18-19-16-14-12-15-17-13-25-9-11-42-10-8-5-47-0,309.21928941878264,seed601_lns_start89_mixed_random_best_rm6_tw8
0-20-22-24-27-30-29-6-32-33-35-37-38-39-36-34-28-26-23-18-19-16-14-12-15-17-13-25-9-11-42-10-8-21-31-0,309.7377468788321,seed601_lns_start9_late_best_rm8_tw12
0-93-5-75-2-1-99-100-97-92-94-95-98-7-3-4-89-91-88-84-86-83-82-85-76-71-70-80-79-81-78-77-90-96-60-0,310.0513850767036,seed605_lns_start11_mixed_regret_rm6_tw8
0-2-67-62-74-64-66-69-48-68-65-49-55-54-53-56-58-59-57-40-44-51-52-45-60-46-50-47-43-42-61-72-96-63-0,310.11771086695893,seed605_lns_start89_late_regret_rm8_tw10
0-5-75-2-1-99-100-97-92-94-95-98-7-3-4-89-91-88-84-83-82-85-81-76-71-70-73-80-79-42-78-77-86-90-0,311.10442004997526,seed605_lns_start73_mixed_regret_rm8_tw15
0-93-75-2-30-99-100-97-92-94-95-98-7-3-4-89-91-88-86-84-83-82-85-81-76-71-70-73-80-79-78-77-90-1-0,311.6062178955022,seed602_lns_start21_mixed_random_best_rm8_tw10
0-5-75-2-1-99-100-97-92-94-95-98-7-3-4-89-91-90-88-84-86-83-82-76-71-70-73-80-79-42-41-37-20-21-0,311.86853902087313,seed606_lns_start79_late_best_rm8_tw15
0-67-63-62-74-72-61-64-66-69-68-65-49-55-54-53-56-58-60-59-57-40-44-46-45-51-50-52-9-42-41-31-47-87-96-0,313.0765169552644,seed608_lns_start82_late_random_best_rm6_tw8
0-67-63-62-74-72-61-64-66-69-68-65-49-55-54-53-56-58-59-57-40-44-60-46-45-47-48-25-42-51-41-43-50-37-0,314.2556788716134,seed605_lns_start76_random_best_rm8_tw12
0-93-5-75-2-1-99-100-97-92-94-95-98-7-3-4-89-91-88-84-83-82-85-81-76-86-70-73-80-79-71-78-96-90-63-0,315.37364225655085,seed602_lns_start20_mixed_random_best_rm8_tw6
0-67-62-74-30-31-64-66-69-68-65-49-55-54-53-56-58-60-59-57-40-44-50-45-51-52-47-48-43-42-41-63-72-61-46-0,315.5786266818214,seed606_lns_start9_mixed_regret_rm8_tw6
0-67-62-74-72-61-64-66-69-68-65-49-55-59-54-53-56-58-60-57-40-44-46-45-51-50-47-43-11-42-41-77-87-52-0,316.0238482695101,seed608_lns_start10_mixed_regret_rm6_tw6
0-67-62-74-63-30-48-64-66-69-68-65-49-55-54-53-56-58-60-59-57-40-44-46-45-51-52-47-43-42-41-61-72-73-0,316.4185927842766,seed607_lns_start11_mixed_best_rm6_tw15
0-67-62-74-63-30-48-64-66-69-68-65-49-55-54-53-56-58-60-57-40-44-46-45-51-50-52-47-43-42-41-61-72-73-0,316.42629303601007,seed607_lns_start11_mixed_random_best_rm6_tw15
0-21-5-2-1-99-100-97-92-94-95-98-7-3-4-89-91-88-84-83-82-85-81-76-71-70-73-80-79-41-78-77-86-90-0,316.49822869384747,seed605_lns_start73_mixed_regret_rm8_tw10
0-67-62-74-63-30-43-64-66-69-68-65-49-55-54-53-56-58-60-59-57-40-44-46-45-51-50-52-47-42-41-61-72-73-0,317.17247674238456,seed601_lns_start11_mixed_random_best_rm8_tw6
0-67-62-74-30-48-64-66-69-68-65-49-55-54-53-56-58-60-59-57-40-44-46-45-51-50-52-47-43-42-61-72-73-63-0,317.6196752507946,seed602_lns_start11_late_regret_rm6_tw12
0-93-22-27-30-29-6-51-31-33-32-35-37-38-39-36-34-28-26-23-24-20-12-14-16-15-17-13-25-9-11-10-8-19-18-0,318.2704248943603,seed607_lns_start73_mixed_random_best_rm8_tw8
0-21-5-75-2-1-99-100-97-92-95-98-7-3-4-89-91-88-84-83-82-85-81-76-71-70-73-80-79-41-78-77-86-90-0,318.5272420599397,seed603_lns_start73_random_random_best_rm8_tw12
0-21-5-75-2-1-99-100-97-92-94-95-98-3-4-89-91-88-86-84-83-82-85-76-71-70-80-79-81-73-78-77-90-16-0,319.7766759462602,seed605_lns_start73_random_regret_rm6_tw6
0-93-5-75-2-1-99-100-97-92-94-95-98-7-3-4-89-91-88-84-82-71-73-86-76-85-81-80-79-78-77-83-87-96-0,320.7244197530542,seed601_lns_start36_late_random_best_rm8_tw12
0-31-93-2-1-99-100-97-92-94-95-98-7-3-4-89-91-88-86-84-83-82-85-81-76-70-73-80-79-71-78-96-90-75-0,321.3706855887961,seed603_lns_start33_mixed_regret_rm6_tw6
0-93-5-21-20-24-29-6-32-33-35-37-38-39-36-34-28-26-23-18-19-16-14-12-15-17-13-25-9-11-10-41-8-31-0,321.812734832941,seed601_lns_start87_late_best_rm6_tw8
0-67-63-62-74-72-61-64-66-69-68-65-49-55-57-53-56-58-60-59-54-40-44-46-45-50-13-31-51-42-41-52-47-87-96-0,323.6310442816937,seed603_lns_start82_late_regret_rm8_tw6
0-21-5-75-2-1-99-100-97-92-94-95-98-7-3-4-89-91-88-84-86-83-82-85-76-71-70-73-80-79-78-81-77-90-59-0,324.07463610835686,seed606_lns_start73_random_random_best_rm6_tw15
0-21-5-75-2-1-99-100-97-92-95-98-7-3-4-89-91-88-86-84-83-82-85-76-71-70-73-80-79-81-78-77-90-94-14-0,324.3756122541584,seed604_lns_start73_mixed_random_best_rm8_tw8
0-93-22-24-27-30-6-31-32-33-37-35-38-39-36-34-28-26-23-29-48-20-12-14-16-15-17-13-25-9-11-10-8-19-18-0,324.5859789481145,seed604_lns_start10_random_regret_rm6_tw6
0-93-22-21-27-30-6-32-37-33-31-35-38-39-36-34-28-26-23-29-24-20-18-14-12-15-17-13-25-9-11-10-8-16-19-0,325.7266420628227,seed605_lns_start73_mixed_regret_rm8_tw15
0-93-22-24-27-30-12-6-32-33-35-38-39-36-34-31-52-29-23-26-28-19-16-14-15-17-13-18-9-11-10-8-21-20-0,325.99079548216787,seed603_lns_start74_mixed_best_rm5_tw12
0-31-93-75-2-1-99-100-97-92-94-95-98-7-3-4-89-91-88-84-83-82-85-76-71-70-80-79-81-78-73-77-96-90-0,326.064410480434,seed608_lns_start35_mixed_regret_rm8_tw15
0-93-22-24-27-30-29-6-32-33-35-37-38-39-36-34-28-19-18-23-26-20-48-43-21-17-13-25-9-11-10-16-14-12-0,326.2415905537422,seed602_lns_start82_late_regret_rm6_tw15
0-93-5-75-2-1-99-100-97-92-94-95-98-7-3-4-89-91-88-86-84-83-82-85-76-71-70-73-80-79-81-78-77-96-87-90-0,327.03010529627034,seed601_lns_start9_late_best_rm8_tw12
0-67-62-74-63-30-48-64-66-69-68-65-49-55-54-53-56-58-60-59-57-40-44-45-51-50-52-47-43-46-41-61-72-73-0,327.34763183754933,seed602_lns_start11_late_best_rm5_tw10
0-82-67-62-74-72-64-66-69-43-68-65-49-55-54-53-56-58-60-57-40-59-61-45-51-50-52-47-42-41-46-63-96-87-48-0,328.3195744971619,seed601_lns_start73_mixed_random_best_rm8_tw6
0-67-62-74-72-43-64-61-66-69-68-65-49-55-54-53-56-58-60-59-57-40-44-46-45-63-25-48-42-41-47-52-51-37-0,328.6558251281435,seed604_lns_start76_random_regret_rm6_tw15
0-93-75-2-30-99-100-97-92-94-95-98-7-3-4-89-91-88-86-84-83-82-85-81-76-70-73-80-79-71-78-96-90-1-0,330.0796848617215,seed603_lns_start34_mixed_random_best_rm8_tw6
0-67-62-74-48-30-43-64-66-69-68-65-49-55-54-53-56-58-60-59-57-40-44-46-45-51-50-52-47-42-41-61-72-73-63-0,331.35236600110454,seed602_lns_start11_mixed_regret_rm5_tw15
0-48-67-62-74-63-64-66-69-68-65-49-55-54-53-56-58-60-59-57-40-44-46-43-61-72-81-80-79-85-96-77-52-51-0,331.3833546459853,seed602_lns_start84_late_random_best_rm6_tw10
0-67-62-74-30-64-72-66-69-68-65-49-55-54-53-56-58-60-59-57-40-44-46-45-50-52-47-48-43-42-41-61-73-63-0,333.2081153501303,seed601_lns_start11_mixed_best_rm8_tw10
0-67-62-74-61-46-64-66-69-68-65-49-55-54-53-56-58-60-59-57-40-44-43-45-50-52-47-1-11-42-41-51-48-72-0,334.1920901449689,seed603_lns_start20_random_random_best_rm8_tw15
0-21-5-75-2-1-99-100-97-92-94-95-98-7-3-4-89-91-88-84-86-83-82-85-76-70-73-80-79-42-41-81-90-0,335.6862406581121,seed605_lns_start85_random_random_best_rm8_tw15
0-21-5-75-2-1-99-100-97-92-94-95-98-7-3-4-89-91-88-84-83-82-85-81-76-86-70-73-80-79-71-78-96-90-63-0,335.7095158562046,seed604_lns_start10_random_regret_rm6_tw6
0-67-62-74-90-30-64-66-69-68-65-49-55-54-53-56-58-59-57-40-44-51-52-45-60-46-50-47-43-41-48-63-72-61-0,336.65178504622276,seed602_lns_start9_late_regret_rm6_tw12
0-21-5-75-2-1-99-100-97-92-94-95-98-7-3-4-89-91-88-84-83-86-44-76-71-70-73-80-79-81-78-77-85-90-0,342.21158551049814,seed601_lns_start73_mixed_random_best_rm8_tw6
0-90-67-62-74-72-61-64-66-69-68-65-49-55-54-53-56-58-60-59-57-40-46-45-51-50-63-25-42-43-41-47-52-37-48-0,342.24716907897323,seed601_lns_start75_mixed_regret_rm8_tw6
0-67-61-62-74-30-47-64-66-69-68-65-49-55-54-53-56-58-60-59-57-40-44-45-50-52-43-48-11-42-41-51-46-72-0,344.82788859432105,seed607_lns_start20_late_regret_rm4_tw8
0-67-72-62-74-30-48-64-66-69-68-65-49-55-54-53-56-58-59-57-40-44-43-45-47-52-50-51-46-42-41-61-73-63-0,345.90878750894103,seed605_lns_start11_mixed_regret_rm6_tw8
0-93-22-24-27-30-29-6-32-33-35-37-38-39-36-34-28-26-23-18-43-48-20-19-15-17-16-25-11-10-8-12-14-21-0,346.50986818504094,seed608_lns_start82_late_random_best_rm6_tw8
0-22-24-27-30-29-6-32-33-35-37-38-39-36-34-28-26-23-19-18-43-48-20-15-17-25-16-9-10-8-12-14-21-0,346.6310888901248,seed603_lns_start82_late_regret_rm8_tw6
0-51-67-62-74-64-66-69-68-65-49-55-54-53-56-58-60-59-57-40-44-46-61-45-72-70-63-42-41-50-52-43-48-0,346.68822082043323,seed606_lns_start36_late_random_best_rm6_tw8
0-93-22-27-12-30-29-6-32-33-31-35-37-38-39-36-34-28-26-23-24-19-14-16-15-17-13-25-18-11-10-8-21-20-48-0,348.2435625974983,seed603_lns_start80_late_random_best_rm8_tw15
0-22-75-1-99-100-97-92-94-95-98-7-3-4-89-91-88-84-82-83-86-44-76-71-70-73-80-79-81-78-77-85-90-0,349.94577230850905,seed604_lns_start86_late_random_best_rm8_tw15
0-93-22-27-12-30-6-32-33-35-37-38-39-36-31-34-28-26-23-29-24-20-15-17-13-25-9-11-10-14-16-19-18-0,351.78837407091254,seed608_lns_start73_random_random_best_rm4_tw10
0-47-67-62-74-72-64-66-69-68-65-49-55-54-53-56-58-60-59-57-31-40-44-46-45-51-50-52-43-42-41-61-63-48-20-0,355.99426469113035,seed604_lns_start31_mixed_best_rm6_tw15
0-5-75-2-1-99-100-97-92-94-95-98-7-3-4-89-91-90-88-84-86-83-82-76-71-70-73-80-79-42-41-37-21-87-0,356.4946691442713,seed601_lns_start79_late_best_rm8_tw12
0-93-22-27-30-50-51-6-29-33-35-38-39-36-31-32-34-28-23-26-18-19-16-14-15-17-13-12-9-11-10-8-21-24-20-0,357.8356636194923,seed607_lns_start75_mixed_random_best_rm6_tw15
0-93-22-20-27-30-26-6-50-33-35-38-39-36-31-32-34-28-23-29-24-21-12-15-17-18-13-9-11-10-8-14-16-19-0,358.8054255542111,seed604_lns_start74_random_regret_rm8_tw10
0-93-22-27-30-29-43-6-28-33-35-38-39-36-31-32-34-26-23-24-20-21-12-15-17-18-13-9-11-10-8-14-16-19-0,359.96705921796337,seed605_lns_start74_random_regret_rm8_tw8
0-93-75-2-1-98-99-100-97-94-95-3-7-89-4-91-86-88-84-83-82-85-81-76-71-70-73-80-79-42-78-77-96-87-90-0,360.63188299392414,seed602_lns_start12_late_regret_rm6_tw12
0-93-22-27-30-29-6-51-28-33-35-38-39-36-31-32-34-26-23-24-20-21-12-15-17-18-13-9-11-10-8-14-16-19-0,360.634970997508,seed604_lns_start75_mixed_best_rm8_tw10
0-93-22-27-14-30-6-31-32-33-37-35-38-39-36-34-28-26-23-20-24-29-15-17-13-25-9-11-10-8-12-19-18-0,361.8100770005769,seed605_lns_start73_random_regret_rm6_tw6
0-67-62-74-94-61-64-66-69-68-65-49-55-54-53-56-58-60-59-57-40-44-45-50-52-47-43-48-11-42-41-51-46-72-0,362.4359656404211,seed607_lns_start20_mixed_regret_rm6_tw8
0-67-63-62-74-94-64-66-69-68-65-49-55-54-53-56-58-60-59-57-40-44-46-45-50-52-47-48-43-42-51-61-72-96-87-0,362.6635434670456,seed603_lns_start73_random_random_best_rm8_tw12
0-67-63-62-74-72-61-64-66-69-68-65-49-55-57-53-56-58-60-59-54-40-44-46-45-15-31-50-51-42-41-52-47-87-96-0,363.0276278766298,seed602_lns_start82_late_regret_rm6_tw15
0-67-62-74-90-30-64-66-69-68-65-49-55-54-53-56-58-59-50-52-40-44-45-60-57-46-51-47-42-43-48-63-72-61-0,363.7652993611121,seed602_lns_start9_late_regret_rm8_tw15
0-93-5-75-2-1-99-100-97-92-94-95-98-7-3-4-89-91-88-86-84-83-82-85-76-71-70-73-80-79-81-78-77-90-96-63-0,367.8268763058012,seed601_lns_start20_late_best_rm4_tw6
0-93-75-2-1-99-100-97-94-95-98-7-3-89-4-91-86-88-84-83-82-85-81-76-71-70-73-80-79-41-78-77-96-87-90-0,369.65286940296085,seed602_lns_start14_late_regret_rm8_tw15
0-5-75-2-1-98-99-100-97-92-94-3-7-89-4-91-58-88-84-86-83-82-81-76-70-71-73-80-79-85-78-77-87-96-0,369.9694715561278,seed603_lns_start77_mixed_regret_rm8_tw10
0-93-75-2-1-99-100-97-92-94-95-98-7-3-4-89-91-88-84-83-82-85-81-76-71-70-73-80-79-42-78-77-86-87-96-0,370.7924535907414,seed606_lns_start17_late_regret_rm8_tw10
0-67-62-74-97-50-64-66-69-68-65-49-55-54-53-56-58-59-57-40-44-52-47-45-60-46-51-42-43-48-63-72-61-0,372.8222668133334,seed607_lns_start40_late_regret_rm5_tw12
0-90-67-62-74-97-64-66-69-68-65-49-55-54-53-56-58-59-57-40-44-51-52-45-60-46-50-47-43-41-48-63-72-61-0,372.9654159668002,seed603_lns_start40_late_best_rm5_tw10
0-93-5-21-20-24-29-6-32-33-35-37-38-39-36-34-28-26-23-18-19-16-14-12-15-17-13-25-9-11-42-10-8-31-0,373.1904019241717,seed602_lns_start89_late_regret_rm6_tw8
0-22-93-90-27-30-29-6-33-35-37-38-39-36-31-32-34-28-23-26-18-19-16-14-15-17-13-12-9-11-10-8-21-24-20-0,374.4901981322542,seed603_lns_start77_mixed_regret_rm8_tw10
0-22-67-62-74-48-64-66-69-68-65-49-55-54-53-56-58-60-59-57-40-44-46-45-51-50-52-47-43-42-41-61-72-96-87-63-0,374.87351272938736,seed605_lns_start88_late_regret_rm6_tw10
0-48-67-63-74-72-64-66-69-50-68-65-49-55-54-53-56-58-60-59-57-40-44-51-45-52-47-43-46-61-71-78-77-96-87-0,375.3367821487511,seed605_lns_start85_mixed_best_rm6_tw15
0-93-67-62-74-72-64-6-66-69-68-65-49-55-54-53-56-58-60-59-57-40-44-46-45-51-50-43-81-85-78-77-96-61-63-0,376.2877767667582,seed601_lns_start79_late_best_rm8_tw12
0-93-75-2-1-99-100-97-92-94-95-98-7-3-4-89-91-88-84-83-82-85-81-76-71-70-73-80-79-42-78-77-96-86-90-0,381.73146688671,seed601_lns_start23_late_regret_rm5_tw12
0-67-62-74-30-64-66-69-68-35-65-49-55-53-56-58-60-59-54-57-44-46-45-51-50-52-47-42-41-43-48-61-72-63-0,383.2604092882378,seed608_lns_start19_late_regret_rm4_tw15
0-20-22-24-27-29-6-32-33-92-34-37-38-39-36-28-26-23-18-19-16-14-12-15-17-13-25-9-11-10-5-8-21-31-0,384.32160779986157,seed602_lns_start14_late_regret_rm8_tw15
0-22-86-2-1-97-99-100-92-94-95-98-7-3-4-89-91-88-84-83-82-85-81-76-71-70-73-80-79-41-78-77-90-75-0,385.3246874802099,seed603_lns_start88_late_best_rm6_tw15
0-67-62-74-57-64-66-69-50-68-65-49-55-54-53-56-58-60-59-40-44-46-51-45-43-70-72-42-41-61-63-47-48-0,385.4285514257983,seed601_lns_start37_late_best_rm5_tw15
0-93-75-2-1-99-100-97-92-94-95-98-7-3-4-89-91-88-84-82-83-90-45-76-73-70-71-9-11-10-8-5-86-0,386.2828590153554,seed601_lns_start84_late_best_rm8_tw8
0-67-63-62-74-96-64-6-66-69-68-65-49-55-54-53-56-58-60-59-40-44-51-50-43-46-61-72-85-78-81-77-87-57-0,389.15562695239646,seed606_lns_start79_late_best_rm8_tw15
0-20-22-24-27-29-6-32-33-92-35-38-39-37-36-34-28-26-23-18-19-16-14-12-15-17-13-25-9-11-10-8-21-31-0,389.464807675497,seed602_lns_start9_late_regret_rm3_tw10
0-48-67-62-74-72-61-64-66-69-68-65-49-55-53-56-58-60-59-47-40-44-54-46-45-63-25-52-50-42-41-57-51-37-0,389.8162185990579,seed605_lns_start74_random_regret_rm8_tw8
0-20-22-24-27-29-6-32-33-92-35-38-39-37-36-34-28-26-23-18-19-16-14-12-15-17-13-25-9-11-10-8-21-87-0,390.00482600304645,seed606_lns_start9_mixed_regret_rm8_tw6
0-67-62-74-57-64-66-69-50-68-65-49-55-54-53-56-58-60-59-40-44-46-51-45-43-70-72-63-42-41-61-47-52-0,392.1900250659437,seed603_lns_start37_late_random_best_rm5_tw12
0-93-22-27-30-29-6-12-33-31-35-37-38-39-36-32-34-28-26-48-20-14-16-15-19-17-13-25-9-11-18-24-21-0,393.77067623781176,seed605_lns_start80_late_regret_rm6_tw10
0-93-22-27-30-29-6-33-92-35-38-39-36-31-32-34-28-23-26-19-12-14-15-17-13-18-9-11-10-8-21-24-20-0,394.80757780440575,seed601_lns_start75_random_random_best_rm6_tw10
0-93-22-27-30-28-6-12-33-31-35-37-38-39-36-34-32-48-20-24-29-19-14-16-15-17-13-25-9-11-10-18-26-21-0,395.55662925787163,seed601_lns_start80_late_regret_rm5_tw8
0-90-67-62-74-97-64-66-69-68-65-49-55-54-53-56-58-59-50-52-40-44-45-60-57-46-51-47-42-43-48-63-72-61-0,400.07893028168957,seed601_lns_start40_late_random_best_rm5_tw10
0-93-5-75-2-1-99-100-97-92-94-95-98-7-3-4-89-91-88-84-83-86-90-45-76-73-70-71-9-11-10-8-82-87-0,401.6651099170858,seed602_lns_start84_late_random_best_rm6_tw10
0-93-22-27-30-28-6-12-33-31-35-37-38-39-36-34-32-48-20-24-29-19-14-16-15-17-13-25-9-10-8-18-26-21-0,401.9063063989621,seed605_lns_start80_late_random_best_rm5_tw12
0-67-62-74-61-54-64-66-69-68-65-49-55-57-53-56-58-59-37-40-44-60-46-45-72-63-25-43-42-41-47-52-48-0,405.2642089636729,seed607_lns_start75_mixed_random_best_rm6_tw15
0-47-67-62-74-48-64-66-69-43-68-65-49-55-53-56-58-59-57-61-40-44-60-45-51-50-52-25-42-41-63-72-54-46-0,408.27723561735917,seed601_lns_start75_random_regret_rm4_tw10
0-67-62-74-72-61-64-66-69-68-65-49-55-57-59-53-56-58-60-54-40-44-46-45-51-50-52-47-43-42-41-10-8-87-96-63-0,410.3912646032618,seed605_lns_start80_late_regret_rm6_tw10
0-93-18-21-20-24-29-6-32-33-35-37-38-39-36-34-28-26-23-19-16-14-12-45-15-17-13-25-9-11-10-8-5-31-0,411.2464411007156,seed601_lns_start89_late_random_best_rm5_tw10
0-22-67-62-74-72-64-66-63-69-68-65-49-55-54-53-56-58-60-59-40-44-51-50-45-43-46-57-61-96-78-81-77-87-85-0,411.2473040069944,seed608_lns_start79_mixed_random_best_rm8_tw12
0-67-62-74-46-64-66-69-68-65-49-55-54-53-56-58-60-59-57-40-44-50-52-45-61-72-43-80-97-63-51-47-48-0,412.09008494163083,seed608_lns_start40_late_random_best_rm8_tw15
0-67-62-74-30-64-66-69-68-35-65-49-55-53-56-58-60-59-54-40-44-57-45-51-46-50-52-47-43-41-48-61-72-63-0,414.219505103793,seed605_lns_start15_late_regret_rm8_tw12
0-67-62-74-30-64-66-69-68-35-65-49-55-53-56-58-59-54-57-40-44-60-45-51-50-52-47-43-42-46-61-72-63-48-0,416.27928403725423,seed602_lns_start14_late_regret_rm8_tw15
0-67-62-74-30-64-66-69-68-35-65-49-55-53-56-58-60-59-54-40-57-46-45-50-52-47-48-43-42-41-51-63-72-61-0,416.3736338283598,seed603_lns_start16_late_regret_rm5_tw15
0-93-5-75-2-1-99-100-92-94-95-98-7-3-4-89-91-88-86-84-83-82-85-81-76-71-70-73-79-41-78-77-90-87-96-0,418.7126270388468,seed608_lns_start40_late_random_best_rm8_tw15
0-5-75-2-1-99-100-97-92-94-95-98-7-3-4-89-91-88-84-23-86-83-82-76-71-70-73-80-79-90-78-77-85-81-0,432.7208610957447,seed601_lns_start80_late_regret_rm5_tw8
0-20-22-24-27-29-6-32-33-92-34-37-38-39-36-31-28-26-23-18-19-16-14-12-15-17-13-25-9-11-10-8-21-87-0,435.12396296762734,seed603_lns_start20_late_regret_rm5_tw8
0-48-67-62-74-72-61-64-66-69-68-65-49-55-53-56-58-60-59-54-57-40-44-46-51-52-43-81-80-79-85-96-77-63-87-0,435.5023167935875,seed601_lns_start84_late_best_rm8_tw8
0-93-5-75-2-1-99-100-97-94-95-98-7-3-4-89-91-88-86-84-83-82-85-76-71-70-73-80-79-81-78-41-77-87-96-0,437.11197042982303,seed602_lns_start9_late_regret_rm8_tw15
0-21-5-75-2-1-99-100-97-92-94-95-98-7-3-4-89-91-88-84-83-82-85-81-76-71-70-80-79-9-78-73-86-90-0,437.85930593216824,seed602_lns_start81_late_regret_rm5_tw12
0-93-75-2-1-99-100-97-92-94-95-98-7-3-4-89-91-88-86-84-83-82-85-76-71-70-73-80-79-81-78-41-77-96-90-0,447.87805186649007,seed601_lns_start35_late_regret_rm6_tw12
0-93-75-2-1-99-100-97-92-94-95-98-7-3-89-4-91-86-88-84-90-40-44-76-73-70-71-5-9-11-10-8-83-82-0,452.8799242314395,seed602_lns_start84_late_regret_rm4_tw8
0-93-75-2-1-99-100-97-94-95-98-7-3-89-4-91-86-88-84-82-83-44-81-76-71-70-73-80-79-85-78-77-96-87-90-0,456.410713003956,seed604_lns_start12_late_regret_rm5_tw8
0-93-5-75-2-1-99-100-97-92-94-95-98-7-3-4-89-91-88-84-86-83-82-85-76-71-70-81-80-79-78-41-77-96-90-0,457.5151627963185,seed601_lns_start11_late_random_best_rm8_tw15
0-93-75-2-1-99-100-97-92-94-95-98-7-3-4-89-91-88-86-84-83-82-85-81-76-71-70-80-79-42-78-77-96-90-5-0,457.5709685996255,seed603_lns_start11_late_best_rm8_tw8
0-67-62-74-72-61-64-66-69-68-65-49-55-54-53-56-58-60-59-57-40-44-46-43-45-90-70-51-50-42-41-47-52-48-63-0,459.8063221340279,seed604_lns_start37_late_random_best_rm8_tw6
0-93-5-2-1-99-100-97-94-95-98-7-3-89-4-91-86-88-84-83-82-85-81-76-71-70-73-80-79-42-78-77-96-87-75-0,460.55085171730826,seed602_lns_start9_late_regret_rm6_tw12
0-93-75-2-1-99-100-97-92-94-95-98-7-3-4-89-91-88-86-84-83-82-81-76-45-70-71-80-79-73-78-77-96-90-0,461.7590108415736,seed601_lns_start29_random_regret_rm8_tw10
0-67-62-74-27-30-48-64-66-69-68-65-49-55-54-53-56-58-60-59-57-40-44-46-45-51-50-52-47-43-42-41-61-72-96-63-0,464.28399508459984,seed602_lns_start87_late_best_rm8_tw12
0-43-67-62-74-61-64-66-69-68-65-49-55-54-53-56-58-60-59-57-40-44-51-52-45-46-81-80-79-72-78-85-96-63-48-0,467.00356601957606,seed608_lns_start84_late_regret_rm6_tw12
0-20-22-27-30-99-6-26-33-35-37-38-39-36-31-32-34-28-23-29-24-12-14-15-17-13-25-9-11-10-8-16-19-18-0,471.58964039883233,seed607_lns_start73_random_random_best_rm8_tw12
0-21-5-75-2-1-99-100-97-92-94-95-98-7-3-4-89-91-88-84-86-83-82-85-76-71-70-73-80-79-41-78-81-87-90-0,472.95356058977364,seed602_lns_start81_mixed_random_best_rm8_tw10
0-7-67-62-74-48-64-66-69-68-65-49-55-54-53-56-58-60-59-57-40-44-46-45-51-50-52-47-43-42-41-61-72-96-87-63-0,485.424923269499,seed603_lns_start73_random_random_best_rm8_tw10
0-93-22-24-27-30-29-34-33-32-31-35-38-39-36-28-26-18-23-19-16-14-12-45-15-17-13-25-9-11-10-8-52-47-48-0,488.0580445044793,seed606_lns_start79_late_best_rm8_tw15
0-67-62-74-54-59-64-66-69-68-51-65-49-55-53-56-58-60-57-46-40-44-50-45-72-70-80-61-42-41-48-47-43-63-0,488.147099704329,seed603_lns_start36_late_random_best_rm5_tw12
0-67-63-62-74-54-64-66-69-52-68-65-49-55-53-56-58-57-51-46-40-44-47-45-72-70-80-61-42-41-60-59-43-48-0,488.76085862758185,seed603_lns_start39_late_best_rm6_tw6
0-67-63-62-74-54-64-66-69-50-68-65-49-55-53-56-58-57-51-46-40-44-52-45-72-70-80-61-42-41-60-59-43-48-0,496.67871003961005,seed603_lns_start36_late_best_rm8_tw15
0-93-22-27-12-30-29-6-32-33-31-35-37-38-39-36-34-28-26-23-24-18-16-14-15-17-13-25-9-11-10-19-21-20-48-0,496.9338372213501,seed607_lns_start80_late_random_best_rm4_tw15
0-93-22-27-30-29-6-32-33-92-35-38-39-36-31-52-34-23-26-28-19-12-14-15-17-13-18-9-11-10-8-21-24-20-0,498.32784321467454,seed603_lns_start75_mixed_random_best_rm5_tw12
0-20-22-24-27-30-29-6-32-33-35-37-38-39-36-34-28-26-23-18-19-16-14-12-15-17-13-25-47-42-41-78-50-31-21-0,500.42723567484063,seed601_lns_start84_late_best_rm8_tw8
0-83-67-62-74-48-64-66-69-68-65-49-55-54-53-56-58-60-59-57-40-44-46-45-51-50-52-47-43-42-41-61-72-96-87-63-0,504.20375497849045,seed608_lns_start73_random_random_best_rm4_tw10
0-48-67-62-74-46-64-66-69-68-65-49-55-54-53-56-58-60-59-57-40-44-51-52-61-72-96-81-80-79-85-78-63-87-43-0,504.51623498819686,seed608_lns_start84_late_random_best_rm5_tw6
0-67-62-74-30-64-66-69-68-35-65-49-55-53-56-58-60-59-54-40-57-44-45-47-52-50-46-42-41-51-43-48-61-72-0,506.92955572570713,seed603_lns_start20_late_regret_rm5_tw8
0-93-75-2-1-99-100-97-92-94-95-98-7-3-4-89-91-88-86-84-83-82-85-81-76-71-70-73-79-42-41-78-77-96-90-0,518.7928286350162,seed604_lns_start35_late_random_best_rm8_tw12
0-93-22-24-27-30-29-6-32-33-31-35-37-38-39-36-28-26-23-20-52-18-19-14-16-15-17-13-25-9-11-10-8-12-34-0,522.7398344877724,seed602_lns_start81_mixed_random_best_rm8_tw10
0-95-67-62-74-64-66-69-47-68-65-49-55-54-53-56-60-57-43-40-44-59-45-51-50-52-25-48-42-41-46-63-72-61-0,523.1357359545897,seed603_lns_start77_mixed_regret_rm8_tw10
0-93-22-62-27-30-6-32-37-33-31-35-38-39-36-34-28-26-23-29-24-20-18-19-15-17-13-25-9-11-10-8-12-14-16-0,528.2433192688898,seed605_lns_start85_mixed_best_rm6_tw15
0-67-62-74-48-30-43-64-66-69-68-65-49-55-54-53-56-58-60-59-57-40-44-46-45-51-50-52-47-42-41-61-72-96-87-63-0,541.2019810261513,seed607_lns_start86_mixed_best_rm8_tw12
0-93-86-2-1-97-99-100-92-94-95-98-7-3-4-89-91-88-90-84-83-82-76-71-70-73-80-79-9-11-10-8-5-75-0,546.7431810767091,seed606_lns_start84_late_best_rm8_tw10
0-93-22-27-30-28-6-12-33-31-35-37-38-39-36-34-32-48-20-24-29-19-16-15-17-13-25-9-14-11-8-18-26-21-0,556.0708161097373,seed607_lns_start80_late_best_rm5_tw8
0-93-5-21-20-24-29-6-32-33-35-37-38-39-36-34-28-26-23-18-19-16-14-12-15-17-13-25-9-11-10-41-8-1-31-0,563.792568537436,seed605_lns_start89_late_regret_rm8_tw10
0-93-75-2-1-99-100-97-92-94-95-98-7-3-89-4-91-86-88-84-83-82-85-81-76-71-70-73-80-79-41-78-77-87-96-0,568.5913150229629,seed603_lns_start13_late_regret_rm8_tw15
0-93-5-75-2-1-99-100-97-92-94-95-98-7-3-4-89-91-88-84-83-82-85-81-76-71-70-73-80-79-11-78-77-86-90-0,570.2357071028423,seed603_lns_start82_late_regret_rm8_tw6
0-5-75-2-1-99-100-97-92-94-95-98-7-3-4-89-91-88-84-82-83-86-44-76-71-70-73-80-79-85-78-77-81-87-96-0,580.2459435103398,seed601_lns_start75_mixed_regret_rm8_tw6
0-67-62-74-27-30-48-64-66-69-68-65-49-55-54-53-56-58-60-59-57-40-44-46-45-51-47-50-52-43-41-61-72-96-87-63-0,590.2605635778575,seed603_lns_start86_late_best_rm6_tw12
0-5-75-2-1-99-100-97-92-94-95-98-7-3-4-89-91-88-86-84-83-82-85-81-76-70-13-80-79-78-77-73-71-90-0,590.5249705004178,seed608_lns_start82_late_random_best_rm6_tw8
0-67-62-74-27-30-43-64-66-69-68-65-49-55-54-53-56-58-60-59-57-40-44-46-51-50-52-47-48-42-41-61-72-96-87-63-0,610.6943045157477,seed601_lns_start89_late_random_best_rm5_tw10
0-93-75-2-1-99-100-97-92-94-95-98-7-3-4-89-91-88-84-82-83-86-44-76-71-70-73-80-79-85-78-77-81-96-90-0,610.8966103758513,seed601_lns_start32_late_regret_rm6_tw15
0-93-75-2-1-99-100-97-94-95-98-7-3-89-4-91-86-88-84-83-82-40-81-76-73-70-85-80-79-71-78-77-96-87-90-0,613.5820287945078,seed608_lns_start19_late_regret_rm4_tw15
0-93-75-2-1-99-100-97-92-94-95-98-7-3-4-89-91-88-84-90-83-82-44-76-73-70-71-9-11-10-8-5-86-87-0,620.9873623118544,seed602_lns_start84_late_best_rm8_tw12
0-90-67-62-74-61-64-66-69-68-51-65-49-55-54-53-56-58-57-46-40-44-50-47-45-48-70-72-42-41-60-59-43-63-0,621.5001976251938,seed604_lns_start37_late_best_rm8_tw15
0-67-63-62-74-59-64-66-69-68-51-65-49-55-54-53-56-58-60-40-44-46-43-45-90-70-72-57-42-41-61-47-52-48-0,626.6651235134532,seed601_lns_start36_late_random_best_rm8_tw12
0-67-62-74-27-30-64-66-69-68-65-49-55-54-53-56-58-60-59-40-46-51-50-45-43-48-63-96-72-42-41-61-57-52-47-0,634.1827088322502,seed604_lns_start86_late_random_best_rm8_tw15
0-21-5-75-2-1-99-100-97-92-94-95-98-7-3-4-89-91-88-84-86-83-82-85-76-71-70-80-79-42-78-77-81-73-90-0,634.8111457947741,seed605_lns_start73_mixed_random_best_rm8_tw6
0-67-62-74-27-30-48-64-66-69-68-65-49-55-54-53-56-58-60-59-57-40-44-46-45-50-43-63-96-72-41-61-87-51-52-0,634.9847764134087,seed601_lns_start89_mixed_random_best_rm6_tw8
0-67-62-74-27-30-64-66-69-68-65-49-55-54-53-56-58-60-59-57-40-44-50-45-46-51-52-47-43-42-41-61-72-96-87-63-0,652.87241087114,seed608_lns_start87_mixed_regret_rm6_tw15
0-22-75-2-1-99-100-97-92-94-95-98-7-3-4-89-91-88-86-84-83-82-85-81-76-71-70-73-80-79-78-41-77-87-90-0,660.4898130286973,seed603_lns_start86_late_random_best_rm8_tw10
0-67-62-74-27-30-64-61-66-69-68-65-49-55-54-53-56-58-60-59-57-40-44-51-45-50-52-47-43-42-41-48-72-96-87-63-0,666.4716226326855,seed603_lns_start87_mixed_regret_rm8_tw8
0-67-63-62-74-60-64-66-69-50-68-65-49-55-53-56-58-57-51-46-40-44-52-45-72-70-80-61-42-41-54-59-47-43-0,667.0348111881881,seed602_lns_start36_late_random_best_rm5_tw6
0-67-62-74-27-30-48-64-66-69-68-65-49-55-54-53-56-58-60-59-57-40-44-46-45-50-52-47-51-42-43-63-96-87-72-61-0,677.4989966792778,seed601_lns_start87_late_best_rm6_tw8
0-93-5-75-2-1-99-100-97-92-95-98-7-3-89-91-4-86-88-84-83-82-85-81-76-70-71-90-80-79-73-78-77-96-63-0,700.8168028369075,seed607_lns_start20_mixed_regret_rm6_tw8
0-93-75-2-1-99-100-97-92-94-95-98-7-3-4-89-91-88-86-84-83-82-85-76-71-70-73-80-79-81-78-77-8-90-87-96-0,704.9603246355875,seed604_lns_start15_mixed_best_rm8_tw12
0-5-75-2-1-99-100-97-92-94-95-98-7-3-4-89-91-88-86-84-83-82-85-76-71-70-73-80-79-81-78-77-8-90-87-96-0,707.2310862289098,seed608_lns_start75_late_best_rm8_tw12
0-20-22-24-27-29-6-32-33-92-35-38-39-37-36-34-28-26-23-18-19-16-14-12-15-17-13-25-9-10-8-21-87-31-0,716.9160056361189,seed607_lns_start20_late_regret_rm4_tw8
0-93-22-27-30-26-28-6-33-12-35-38-39-36-31-32-37-34-23-29-24-48-14-15-17-13-25-9-10-8-16-19-18-20-0,721.0376796940716,seed608_lns_start10_mixed_regret_rm6_tw6
0-93-22-27-30-28-6-12-33-26-35-38-39-36-31-32-37-34-23-21-19-16-14-15-17-13-25-18-11-10-24-20-29-48-0,721.9545593408108,seed607_lns_start80_late_random_best_rm5_tw10
0-20-22-24-27-30-29-6-32-33-35-37-38-39-36-34-28-26-23-19-16-14-12-45-15-17-13-25-9-11-10-8-21-18-31-0,743.766387932748,seed602_lns_start40_late_best_rm6_tw6
0-93-22-27-12-30-29-6-32-33-31-35-37-38-39-36-34-28-26-23-24-19-14-16-15-17-13-9-25-11-18-8-21-20-48-0,746.0717254016017,seed603_lns_start80_late_best_rm4_tw8
0-93-5-75-2-1-99-100-97-92-94-95-98-7-3-4-89-91-88-84-86-40-83-81-76-71-70-80-79-78-85-77-82-90-96-0,776.8690666844878,seed608_lns_start11_late_random_best_rm8_tw6
0-67-62-74-1-75-64-66-69-68-65-49-55-54-53-56-58-60-59-57-40-44-46-45-50-52-47-51-42-43-48-63-96-87-72-61-0,800.3118382523959,seed608_lns_start89_late_regret_rm8_tw15
0-93-75-2-1-99-100-97-92-94-95-98-7-3-4-89-91-88-84-86-40-83-82-85-76-70-73-80-79-71-78-77-81-96-90-0,807.8711023956721,seed603_lns_start22_late_regret_rm5_tw12
0-20-22-24-27-30-29-6-32-33-35-37-38-39-36-34-28-26-23-18-19-16-14-12-15-17-13-25-9-11-10-41-8-5-21-31-0,864.2373064207691,seed601_lns_start15_late_best_rm5_tw15
0-93-75-2-1-99-100-97-92-94-95-98-7-3-4-89-91-88-86-84-83-82-85-76-45-70-73-80-79-71-78-77-81-96-90-0,931.8688045316095,seed604_lns_start28_late_regret_rm6_tw8
0-20-22-24-27-30-29-6-32-33-35-37-38-39-36-34-28-26-23-18-19-16-14-12-15-17-13-25-9-11-42-10-8-5-21-31-0,949.4811954812067,seed604_lns_start15_late_random_best_rm8_tw6
