instance,family,keep,K,customers,num_seeds,pool_size_before_cap,master_pool_cap,pool_size,best_single_lns_score,ortools_seconds,ortools_solved,ortools_score,exact_seconds,exact_feasible,exact_score,neal_seconds,neal_valid_samples,neal_num_reads,neal_best_score,swap_seconds,swap_valid,swap_restarts,swap_best_score,total_seconds
c101,C,70,7,70,8,7,600,7,608.7737696654073,30.02249996177852,True,813.1133220067422,0.00020524021238088608,True,608.7737696654074,0.12371510732918978,1000,1000,608.7737696654073,0.4232152746990323,200,200,608.7737696654073,1971.0115433428437
c101,C,100,10,100,8,10,600,10,828.9368669428338,30.022083269432187,True,828.936866942834,0.00020431727170944214,True,828.9368669428338,0.16779014840722084,1000,1000,828.9368669428338,0.4594180164858699,200,200,828.9368669428338,3014.068951948546
c102,C,70,7,70,8,7,600,7,607.6977792486019,30.022560141980648,True,607.697779248602,0.00017057918012142181,True,607.6977792486019,0.12256012856960297,1000,1000,607.6977792486019,0.4137458195909858,200,200,607.6977792486019,1911.804810515605
c102,C,100,10,100,8,10,600,10,828.9368669428338,30.022486503235996,True,828.9368669428338,0.0002080630511045456,True,828.9368669428338,0.1820644484832883,1000,1000,828.9368669428338,0.4564468087628484,200,200,828.9368669428338,2838.795497299172
c103,C,70,7,70,8,13,600,13,607.6977792486019,30.02194633614272,True,607.6977792486019,0.00022357888519763947,True,607.6977792486019,0.20191773399710655,297,1000,607.6977792486019,3.869389571249485,200,200,607.6977792486019,1916.4608528530225
c103,C,100,10,100,8,16,600,16,834.4723944463623,30.022979549132288,True,858.1250658591778,0.0003370773047208786,True,828.0648821980838,0.232803450897336,248,1000,828.0648821980839,4.353697427548468,200,200,828.0648821980839,2869.112700097263
c104,C,70,7,70,8,11,600,11,608.8799677951026,30.029603019356728,True,604.4096052718108,0.0001815957948565483,True,604.4096052718108,0.1540063787251711,436,1000,604.4096052718108,3.1236073719337583,200,200,604.4096052718108,1816.3303533438593
c104,C,100,10,100,8,55,600,55,852.4605381326289,30.023791290819645,True,867.5197678092924,0.0041146064177155495,True,824.7767082212929,1.1131004206836224,9,1000,825.5377296028787,9.022484747692943,199,200,825.6486929660429,2738.484841566533
c105,C,70,7,70,8,7,600,7,608.7737696654074,30.02335149422288,True,608.7737696654074,0.0001443801447749138,True,608.7737696654074,0.1182548413053155,1000,1000,608.7737696654073,0.410427019931376,200,200,608.7737696654073,1926.1033459855244
c105,C,100,10,100,8,10,600,10,828.9368669428338,30.032745632342994,True,828.936866942834,0.00020349491387605667,True,828.9368669428338,0.16652153059840202,1000,1000,828.9368669428338,0.4675152013078332,200,200,828.9368669428338,2932.2692675758153
c106,C,70,7,70,8,7,600,7,608.7737696654074,30.025470447726548,True,608.7737696654074,0.00014525000005960464,True,608.7737696654074,0.11773804016411304,1000,1000,608.7737696654073,0.411695365794003,200,200,608.7737696654073,2005.5113803027198
c106,C,100,10,100,8,19,600,19,828.9368669428338,30.023231075145304,True,828.9368669428338,0.00029911845922470093,True,828.9368669428338,0.2970088245347142,334,1000,828.9368669428338,5.361129439435899,200,200,828.9368669428338,2909.3812508536503
c107,C,70,7,70,8,7,600,7,608.7737696654073,30.020906352438033,True,608.7737696654073,0.00013235025107860565,True,608.7737696654074,0.1318788891658187,1000,1000,608.7737696654073,0.4022646229714155,200,200,608.7737696654073,1935.3618377288803
c107,C,100,10,100,8,10,600,10,828.9368669428338,30.021577635779977,True,828.9368669428338,0.00021158810704946518,True,828.9368669428338,0.17077517975121737,1000,1000,828.9368669428338,0.45474209263920784,200,200,828.9368669428338,2961.37873198092
c108,C,70,7,70,8,7,600,7,608.7737696654074,30.03827691078186,True,608.7737696654073,0.00012757442891597748,True,608.7737696654074,0.11650415509939194,1000,1000,608.7737696654073,0.4126584678888321,200,200,608.7737696654073,1865.5411168467253
c108,C,100,10,100,8,10,600,10,828.9368669428338,30.04102308023721,True,828.9368669428341,0.00030861422419548035,True,828.9368669428338,0.16906457394361496,1000,1000,828.9368669428338,0.45363947562873363,200,200,828.9368669428338,2997.270814985037
c109,C,70,7,70,8,7,600,7,608.7737696654074,30.03668853826821,True,635.0347302047791,0.0001322682946920395,True,608.7737696654074,0.11587679106742144,1000,1000,608.7737696654073,0.4068882903084159,200,200,608.7737696654073,1775.4645040528849
c109,C,100,10,100,8,33,600,33,828.9368669428338,30.039810620248318,True,881.0439401677227,0.0007185405120253563,True,828.9368669428338,0.5508946590125561,174,1000,828.9368669428338,7.832563481293619,200,200,828.9368669428338,2831.65248065535
c201,C,70,2,70,8,100,600,100,47553.85100825903,30.03994622360915,True,49135.63971681056,0.0011592544615268707,True,47514.44681013055,1.9402825767174363,48,1000,47514.44681013055,7.589885001070797,200,200,47514.44681013055,8494.769144723192
c201,C,100,3,100,8,3,600,3,591.5565566715014,30.040332649834454,True,591.5565566715014,0.00012878235429525375,True,591.5565566715015,0.06736210081726313,1000,1000,591.5565566715014,0.41672772634774446,200,200,591.5565566715014,11645.584754668176
c202,C,70,2,70,8,26,600,26,3050.681957255875,30.003174141049385,True,5990.6986932457585,0.00031943898648023605,True,2812.29006821458,0.3365816017612815,127,1000,2812.29006821458,7.015634942799807,200,200,2812.29006821458,8264.55840362329
c202,C,100,3,100,8,7,600,7,591.5565566715014,30.002960881218314,True,591.5565566715015,0.00022936426103115082,True,591.5565566715015,0.09245543833822012,299,1000,591.5565566715014,6.1324362233281136,200,200,591.5565566715014,11862.880906335078
c203,C,70,2,70,8,104,600,104,3107.669160804813,30.00239695701748,True,2285.461512817181,0.001076885499060154,True,2539.415623346314,2.079827972687781,66,1000,2539.415623346314,7.6221155151724815,200,200,2539.415623346314,8229.402057407424
c203,C,100,3,100,8,340,600,340,644.7802984136357,30.004162565805018,True,600.2061024282012,0.007349451072514057,True,604.5794640291487,14.60528479795903,1,1000,619.0979419654254,10.78170635458082,196,200,604.5794640291487,11883.581062135287
c204,C,70,2,70,8,282,600,282,2407.0944319221676,30.002733909524977,True,4642.224054926836,0.002825976349413395,True,1668.379835583593,10.015500776469707,42,1000,1804.262265925996,7.589554796926677,200,200,1804.2622659259957,8334.585804169066
c204,C,100,3,100,8,605,600,600,865.7357787055296,30.00291984435171,True,1217.1356504034159,0.027667359448969364,True,698.1189548411242,37.47155064716935,1,1000,792.6000616100382,10.546777647919953,184,200,698.1189548411242,11783.879297641106
c205,C,70,2,70,8,22,600,22,31695.309579366593,30.001889345236123,True,37815.15395172994,0.00033321045339107513,True,31247.480558939358,0.289861086755991,144,1000,31247.480558939358,7.0911778174340725,200,200,31247.480558939358,8288.913244697265
c205,C,100,3,100,8,3,600,3,588.8759626534237,30.004186197184026,True,588.8759626534237,0.00014197267591953278,True,588.8759626534238,0.0667573381215334,1000,1000,588.8759626534237,0.41410981584340334,200,200,588.8759626534237,11749.933348308317
c206,C,70,2,70,8,100,600,100,12929.496304147093,30.019254404120147,True,19723.67813751818,0.0010255463421344757,True,12574.954302063808,1.8667836599051952,51,1000,12574.954302063808,7.386133939027786,200,200,12574.954302063808,8405.43346304074
c206,C,100,3,100,8,3,600,3,588.4928487625538,30.002997905947268,True,588.4928487625538,0.0001370646059513092,True,588.4928487625538,0.06786472350358963,1000,1000,588.4928487625538,0.4139520423486829,200,200,588.4928487625538,11573.422054593451
c207,C,70,2,70,8,10,600,10,4033.8926037082156,30.002720979973674,True,7177.601489412806,0.00017277896404266357,True,3935.156401357631,0.12727217935025692,263,1000,3935.156401357631,6.262730666436255,200,200,3935.156401357631,8572.458071345463
c207,C,100,3,100,8,3,600,3,588.2863214262125,30.003192032687366,True,588.2863214262125,0.00015741493552923203,True,588.2863214262125,0.06955103017389774,1000,1000,588.2863214262125,0.41000144463032484,200,200,588.2863214262125,11573.293323197402
c208,C,70,2,70,8,76,600,76,4630.957680664216,30.00378387980163,True,4804.910610797147,0.000820559449493885,True,4487.164396364823,1.2895599156618118,67,1000,4487.164396364823,7.39505704306066,200,200,4487.164396364823,8291.613413584419
c208,C,100,3,100,8,3,600,3,588.323800657399,30.002908469177783,True,588.323800657399,0.00020574778318405151,True,588.323800657399,0.06798425875604153,1000,1000,588.323800657399,0.42974042519927025,200,200,588.323800657399,11691.060466586612
r101,R,70,6,70,8,411,1400,411,18282.824434982358,30.0021517816931,True,19036.24560222078,2.185883025638759,True,17386.26851621441,22.453048828057945,0,1000,,8.036944437772036,111,200,18043.752202868774,2512.416626581922
r101,R,100,8,100,8,322,1400,322,23143.59926867931,30.004367348738015,True,25142.59004204888,142.31660447828472,True,22580.374005487414,15.760023017413914,0,1000,,10.954263895750046,100,200,23126.616149106856,3760.63141348958
r102,R,70,6,70,8,365,1400,365,11356.264448519592,30.004535389132798,True,11331.01654825838,9.10869549959898,True,10508.037653809697,19.295241612941027,0,1000,,7.933367828838527,178,200,10777.704718500354,2532.0138545725495
r102,R,100,8,100,8,448,1400,448,14447.280413610157,30.003008210100234,True,15503.325041329954,212.0699452739209,True,13206.46034201122,28.414843255653977,0,1000,,11.164071939885616,61,200,13909.7753254748,3756.9128000326455
r103,R,70,6,70,8,410,1400,410,7389.111942835488,30.00212178286165,True,6911.391439625167,10.928435660898685,True,6880.628847465846,22.526993044652045,0,1000,,8.097629212774336,126,200,7158.5680659435075,2449.073013811372
r103,R,100,8,100,8,792,1400,792,9279.762817960522,30.003015619702637,True,8795.981623954693,,,,73.9107892010361,0,1000,,11.143471144139767,9,200,9055.72085321595,3367.5552175333723
r104,R,70,6,70,8,645,1400,645,2853.356430166906,30.002518886700273,True,2913.012013551856,18.322254221886396,True,2256.7974390312947,49.86732740979642,0,1000,,8.169610518030822,79,200,2645.0757375794324,2503.1659149173647
r104,R,100,8,100,8,858,1400,858,4210.032247479518,30.00363088864833,True,3766.4881185941676,,,,87.68763155676425,0,1000,,11.175451379269361,8,200,4108.8691439310005,3568.2874875962734
r105,R,70,6,70,8,367,1400,367,13797.44732591324,30.00218604505062,True,14853.908424989673,1.0249520959332585,True,13227.417700050886,19.105539582669735,0,1000,,8.300168653950095,102,200,13268.33681203094,2481.237088951282
r105,R,100,8,100,8,521,1400,521,17193.2123668375,30.017878020182252,True,17638.352171683386,625.9766738973558,True,16246.5710347111,36.81572200357914,0,1000,,11.40157363191247,26,200,17170.97763465353,4221.761739701964
r106,R,70,6,70,8,147,1400,147,8112.41071164342,30.004574553109705,True,8300.333440689263,0.3096976028755307,True,7589.92395292132,4.311592239886522,2,1000,8536.69061161211,7.735318844206631,190,200,7761.729516763267,2472.287616059184
r106,R,100,8,100,8,498,1400,498,10716.490605179319,30.00324673578143,True,11072.449848643513,140.28005021810532,True,9656.236931723197,33.63981466367841,0,1000,,11.115774404257536,35,200,10169.736036044635,3691.4736011503264
r107,R,70,6,70,8,517,1400,517,5264.3022459536505,30.002396835014224,True,6991.213793434794,8.273135867901146,True,4400.621171775384,34.11272240243852,2,1000,5580.647027885652,8.073092458769679,57,200,4760.741507438254,2507.5618068072945
r107,R,100,8,100,8,595,1400,595,6973.949609853536,30.004386235028505,True,6637.44376939443,148.30703120026737,True,5876.919042798738,44.87635356467217,0,1000,,11.067282479256392,31,200,6556.784047026398,3597.3453388046473
r108,R,70,6,70,8,642,1400,642,2453.294553932702,30.005562965758145,True,2431.64806368022,6.5927923778072,True,1826.2793332432507,49.57132887933403,1,1000,2978.6508660062022,8.252056254073977,58,200,1930.7255239486644,2513.613239625469
r108,R,100,8,100,8,406,1400,406,3220.881811191207,30.003676022402942,True,3114.677953828887,85.9265246624127,True,2772.1663651576528,22.827324990183115,0,1000,,11.057562564499676,80,200,2998.18811809145,3407.1581877516583
r109,R,70,6,70,8,284,1400,284,7999.185629121693,30.006862005218863,True,8412.500794973379,1.6396341500803828,True,7410.433059054365,12.240714334882796,2,1000,7689.44408609474,7.932049022987485,176,200,7415.09287102918,2435.8307261969894
r109,R,100,8,100,8,364,1400,364,9940.625685246438,30.00268243253231,True,9929.247035279543,182.59159046411514,True,9076.931889359123,19.19042490236461,0,1000,,11.07714885380119,80,200,9459.78759726366,3702.611062497832
r110,R,70,6,70,8,98,1400,98,4847.542388024296,30.003634967841208,True,5497.716327580645,0.056371139362454414,True,4583.103855199479,2.318927513435483,4,1000,5139.351534512121,7.737172779627144,198,200,4583.103855199479,2434.9146557748318
r110,R,100,8,100,8,273,1400,273,6968.551020144891,30.003823783248663,True,6749.9010646168745,62.3668132647872,True,5682.691562748818,12.556404707022011,0,1000,,10.898687148466706,97,200,6189.566199113515,3526.5417858324945
r111,R,70,6,70,8,465,1400,465,5126.270946900543,30.002718654461205,True,4770.599917927738,5.212591323070228,True,4678.006775069434,28.186657728627324,0,1000,,8.021975469775498,85,200,4862.499742265287,2487.6296793501824
r111,R,100,8,100,8,422,1400,422,6286.414927377193,30.003762665204704,True,8336.229235343873,111.95900096092373,True,5482.867457493433,24.328984855674207,0,1000,,11.018159432336688,46,200,5880.480074720637,3530.4711911501363
r112,R,70,6,70,8,118,1400,118,2560.3364132597253,30.001995124854147,True,2985.9588195308065,0.029449697583913803,True,2493.7058968295496,3.0447052866220474,2,1000,2685.587479901975,7.788420689292252,198,200,2498.6384662782466,2485.5787891848013
r112,R,100,8,100,8,509,1400,509,4421.112658397565,30.004567089490592,True,3402.404176877443,66.19538979139179,True,3711.94943474318,33.37471782788634,0,1000,,11.111550285480917,35,200,4088.6652015456875,3524.731851494871
rc101,RC,70,7,70,8,90,600,90,5734.884342779254,30.0028224773705,True,5282.690612978183,0.013560988940298557,True,5539.3038855864215,2.0748393377289176,3,1000,5751.444469099968,7.658886748366058,183,200,5539.3038855864215,1670.899846052751
rc101,RC,100,9,100,8,322,600,322,12434.713414007761,30.002776390872896,True,13590.244646571453,42.651233850978315,True,11239.627837345024,16.50432436261326,0,1000,,11.098019476048648,21,200,11921.604789081019,2420.7629771903157
rc102,RC,70,7,70,8,221,600,221,3528.81139438031,30.002636352553964,True,4484.621535576105,0.15589476376771927,True,3242.570821162012,8.367308529093862,1,1000,3614.1134797801888,7.7580766854807734,89,200,3295.2856022212563,1595.522177604027
rc102,RC,100,9,100,8,218,600,218,8235.083531374801,30.003729519434273,True,8570.364862589075,1.5781932920217514,True,6819.027461014666,8.246284199878573,0,1000,,10.602559061720967,133,200,7186.297890989622,2310.9051916170865
rc103,RC,70,7,70,8,140,600,140,2250.362103447749,30.001961490139365,True,1884.83319633752,0.0731029100716114,True,2003.2276361545821,4.171244761906564,1,1000,2401.021501490049,7.676776533015072,184,200,2057.0742702817333,1645.0500653693452
rc103,RC,100,9,100,8,210,600,210,5304.900794279185,30.00359916780144,True,4244.112328214496,3.2739341501146555,True,4128.770524317202,7.59711261279881,0,1000,,10.767571887001395,83,200,4604.013271325821,2384.08691874519
rc104,RC,70,7,70,8,91,600,91,979.5493763631357,30.003048477694392,True,884.1121204545567,0.005007416009902954,True,915.5568397963186,2.068561337888241,17,1000,915.5568397963186,7.688010991550982,161,200,915.5568397963186,1744.7165149748325
rc104,RC,100,9,100,8,691,600,600,3073.772432533275,30.003816393204033,True,2046.7332713945948,349.4583342364058,True,2295.8406650125035,45.02125976700336,0,1000,,10.930144869722426,0,200,,2747.9187543308362
rc105,RC,70,7,70,8,41,600,41,4051.7723737820625,30.00231089256704,True,4033.8017548112766,0.001376049593091011,True,3928.505046607449,0.6932438341900706,24,1000,3987.500841657891,6.72625604365021,200,200,3928.505046607449,1561.5870940322056
rc105,RC,100,9,100,8,203,600,203,10571.088273766354,30.004435127601027,True,10958.539903117244,0.14681365806609392,True,9819.686997856796,7.579123567789793,0,1000,,10.901352861896157,38,200,10085.372369757524,2371.680937740952
rc106,RC,70,7,70,8,291,600,291,3878.1507157490373,30.00296804215759,True,3200.484580863422,0.4742768183350563,True,3108.520874388966,13.63300168979913,0,1000,,8.237482123076916,86,200,3354.2075287956145,1669.1552536161616
rc106,RC,100,9,100,8,222,600,222,8157.160850280462,30.003455488942564,True,7933.228782610371,4.082816858775914,True,6540.678967662294,8.909878380596638,0,1000,,10.52424756065011,118,200,6684.611552548554,2361.1946990704164
rc107,RC,70,7,70,8,170,600,170,1752.206951735866,30.002695585601032,True,1309.4398325924892,0.04902238864451647,True,1541.6223626657559,5.573602017946541,1,1000,2009.9019438490081,7.801700674928725,156,200,1685.8250841159206,1651.8553257137537
rc107,RC,100,9,100,8,468,600,468,5930.947331343741,30.003338023088872,True,4894.504333252188,41.046685827896,True,4526.762473885825,29.477792082354426,0,1000,,11.0156793538481,10,200,5940.549802683687,2421.0572937754914
rc108,RC,70,7,70,8,282,600,282,1327.6139935063738,30.002641863189638,True,1043.8477232941395,0.3072900101542473,True,1211.6663432657924,12.720821359194815,2,1000,1450.648441179691,7.980842656455934,76,200,1286.1519571756926,1716.969932133332
rc108,RC,100,9,100,8,267,600,267,3539.30498887691,30.00353771261871,True,3184.2784011766253,3.921005005016923,True,2774.533258664611,11.875391757115722,2,1000,3207.250873834652,10.840674567967653,85,200,3112.239202820309,2348.265527050011
rc201,RC,70,2,70,8,2150,600,600,35328.28630728797,30.00378348119557,True,19416.34748942642,0.008428016677498817,True,21082.405842740613,38.220971236005425,6,1000,26682.940821487857,7.923508494161069,167,200,21082.405842740613,8543.995401206426
rc201,RC,100,2,100,8,404,600,404,65905.14358608231,30.003136266954243,True,75304.95123701228,0.00625044759362936,True,52438.81905754024,17.835333798080683,41,1000,52438.81905754024,10.794142462313175,200,200,52438.819057540226,21786.86453556642
rc202,RC,70,2,70,8,198,600,198,2824.4625297770554,30.00205738749355,True,4640.3997165599185,0.0019140075892210007,True,2218.5711265289756,5.549139172770083,57,1000,2218.5711265289756,7.81763169914484,200,200,2218.571126528975,8609.833064201288
rc202,RC,100,2,100,8,1226,600,600,34576.65879334614,30.00725386571139,True,39129.91949951242,0.010849102400243282,True,25229.60908565096,36.45490499492735,7,1000,26100.28607584001,10.476071096025407,187,200,25229.60908565096,22009.607332821935
rc203,RC,70,2,70,8,276,600,276,1153.5061469268915,30.003556536510587,True,1012.3323164143483,0.0031055016443133354,True,1103.1355797362978,9.7758514219895,25,1000,1103.1355797362978,7.607608466409147,200,200,1103.135579736298,8333.814538878389
rc203,RC,100,2,100,8,286,600,286,15990.761288485008,30.003618511371315,True,17186.41785224007,0.003654640167951584,True,9304.476760960491,10.067567229270935,25,1000,9535.828482893436,10.56870811805129,200,200,9535.828482893434,22057.29405381251
rc204,RC,70,2,70,8,362,600,362,756.9413363682788,30.00248248130083,True,653.3056097254271,0.0043230438604950905,True,675.0884591841352,15.880792674608529,32,1000,725.6750094056842,7.720470960251987,200,200,675.0884591841352,8434.352391486056
rc204,RC,100,2,100,8,608,600,600,4321.103048020021,30.004045866429806,True,5170.200620561776,0.00830258522182703,True,2068.6245489322373,35.322961900383234,29,1000,2068.6245489322373,10.622298731468618,200,200,2123.7056327800624,21058.41642622091
rc205,RC,70,2,70,8,68,600,68,4418.736740075774,30.00284333433956,True,3459.399204508292,0.0007331585511565208,True,3490.124779344699,1.1084470180794597,77,1000,3490.124779344699,7.483781915158033,200,200,3490.124779344699,8345.34157775715
rc205,RC,100,2,100,8,332,600,332,45693.085704633784,30.003839572891593,True,54912.7640534863,0.0051309699192643166,True,38972.38425110246,12.744563388638198,42,1000,38972.38425110246,10.647239004261792,200,200,40163.593253681785,21389.51061544381
rc206,RC,70,2,70,8,2100,600,600,16153.50578408006,30.003697134554386,True,2310.341071728966,0.005767527036368847,True,6176.294499610972,38.59398726467043,2,1000,8273.34130811469,7.938768675550818,114,200,6176.294499610972,8552.049247345887
rc206,RC,100,2,100,8,538,600,538,34953.7823774326,30.004171990789473,True,38127.98888670006,0.00874459370970726,True,28067.095827440102,28.957537808455527,31,1000,30413.31451004686,10.514814546331763,200,200,29234.53765577943,21485.865645241924
rc207,RC,70,2,70,8,232,600,232,1019.3913783794646,30.005550367757678,True,927.3969315381077,0.0027809543535113335,True,895.9830822213236,7.303272707387805,33,1000,924.6863609488641,7.676432869397104,200,200,895.9830822213236,8319.536303207278
rc207,RC,100,2,100,8,450,600,450,26118.40831995411,30.00316310953349,True,30532.060771927507,0.006763579323887825,True,16558.07243109165,21.358519890345633,33,1000,17859.49466684625,10.736245980486274,200,200,16821.636602175466,21299.066070201807
rc208,RC,70,2,70,8,770,600,600,797.4638606766432,30.002068382687867,True,691.3147063767813,0.0076560452580451965,True,695.5105172989628,38.02075545489788,30,1000,748.6962765179285,7.925826266407967,199,200,741.8590666500259,8286.098110313527
rc208,RC,100,2,100,8,578,600,578,11106.660872442408,30.005130535922945,True,7524.5823759384175,0.007962452247738838,True,5267.60458191362,33.77272633742541,32,1000,7370.32579200259,11.080441190861166,200,200,5267.604581913621,21232.88382527791
